-- phpMyAdmin SQL Dump
-- version 5.2.1
-- https://www.phpmyadmin.net/
--
-- Host: 127.0.0.1
-- Generation Time: Mar 28, 2026 at 08:46 AM
-- Server version: 10.4.32-MariaDB
-- PHP Version: 8.2.12

SET SQL_MODE = "NO_AUTO_VALUE_ON_ZERO";
START TRANSACTION;
SET time_zone = "+00:00";


/*!40101 SET @OLD_CHARACTER_SET_CLIENT=@@CHARACTER_SET_CLIENT */;
/*!40101 SET @OLD_CHARACTER_SET_RESULTS=@@CHARACTER_SET_RESULTS */;
/*!40101 SET @OLD_COLLATION_CONNECTION=@@COLLATION_CONNECTION */;
/*!40101 SET NAMES utf8mb4 */;

--
-- Database: `sgms_db`
--

-- --------------------------------------------------------

--
-- Table structure for table `admins`
--

CREATE TABLE `admins` (
  `id` int(11) NOT NULL,
  `username` varchar(50) NOT NULL,
  `email` varchar(100) NOT NULL,
  `password` varchar(255) NOT NULL,
  `full_name` varchar(100) NOT NULL,
  `phone` varchar(15) DEFAULT NULL,
  `photo` varchar(255) DEFAULT NULL,
  `role` enum('super_admin','admin','manager') DEFAULT 'admin',
  `status` enum('active','inactive') DEFAULT 'active',
  `last_login` datetime DEFAULT NULL,
  `created_at` timestamp NOT NULL DEFAULT current_timestamp(),
  `updated_at` timestamp NOT NULL DEFAULT current_timestamp() ON UPDATE current_timestamp()
) ENGINE=InnoDB DEFAULT CHARSET=utf8mb4 COLLATE=utf8mb4_unicode_ci;

--
-- Dumping data for table `admins`
--

INSERT INTO `admins` (`id`, `username`, `email`, `password`, `full_name`, `phone`, `photo`, `role`, `status`, `last_login`, `created_at`, `updated_at`) VALUES
(1, 'admin', 'admin@sgms.local', '$2y$10$kcO3BkYo0Sau.FNWVSo8B.2tpUiZoQ0RvPefDi.tqMlwva6QslHs2', 'System Administrator', '', '69b02f6168c63.png', 'super_admin', 'active', '2026-03-28 13:13:02', '2026-03-04 06:08:48', '2026-03-28 07:43:02');

-- --------------------------------------------------------

--
-- Table structure for table `attendance`
--

CREATE TABLE `attendance` (
  `id` int(11) NOT NULL,
  `guard_id` int(11) NOT NULL,
  `date` date NOT NULL,
  `check_in_time` time DEFAULT NULL,
  `check_out_time` time DEFAULT NULL,
  `status` enum('present','absent','leave','half_day') DEFAULT 'absent',
  `hours_worked` decimal(5,2) DEFAULT NULL,
  `overtime_hours` decimal(5,2) DEFAULT 0.00,
  `remarks` text DEFAULT NULL,
  `recorded_by` int(11) DEFAULT NULL,
  `created_at` timestamp NOT NULL DEFAULT current_timestamp(),
  `updated_at` timestamp NOT NULL DEFAULT current_timestamp() ON UPDATE current_timestamp()
) ENGINE=InnoDB DEFAULT CHARSET=utf8mb4 COLLATE=utf8mb4_unicode_ci;

--
-- Dumping data for table `attendance`
--

INSERT INTO `attendance` (`id`, `guard_id`, `date`, `check_in_time`, `check_out_time`, `status`, `hours_worked`, `overtime_hours`, `remarks`, `recorded_by`, `created_at`, `updated_at`) VALUES
(141, 1, '2026-01-12', '07:00:00', '19:00:00', 'present', 12.00, 4.00, '', 1, '2026-03-11 18:52:28', '2026-03-11 18:52:28'),
(155, 1, '2026-03-08', NULL, NULL, 'leave', 0.00, 0.00, 'Sunday Off', 1, '2026-03-23 05:23:16', '2026-03-23 05:23:16'),
(156, 1, '2026-03-09', '09:00:00', '18:00:00', 'present', 9.00, 0.00, '', 1, '2026-03-23 05:23:16', '2026-03-23 05:23:16'),
(157, 1, '2026-03-10', '09:00:00', '18:00:00', 'present', 9.00, 0.00, '', 1, '2026-03-23 05:23:16', '2026-03-23 05:23:16'),
(158, 1, '2026-03-11', '09:00:00', '18:00:00', 'present', 9.00, 0.00, '', 1, '2026-03-23 05:23:16', '2026-03-23 05:23:16'),
(159, 1, '2026-03-12', '09:00:00', '18:00:00', 'present', 9.00, 0.00, '', 1, '2026-03-23 05:23:16', '2026-03-23 05:23:16'),
(160, 1, '2026-03-13', '09:00:00', '18:00:00', 'present', 9.00, 0.00, '', 1, '2026-03-23 05:23:16', '2026-03-23 05:23:16'),
(161, 1, '2026-03-14', '09:00:00', '18:00:00', 'present', 9.00, 0.00, '', 1, '2026-03-23 05:23:16', '2026-03-23 05:23:16'),
(162, 1, '2026-03-15', NULL, NULL, 'leave', 0.00, 0.00, 'Sunday Off', 1, '2026-03-23 05:23:16', '2026-03-23 05:23:16'),
(163, 1, '2026-03-16', '09:00:00', '18:00:00', 'present', 9.00, 0.00, '', 1, '2026-03-23 05:23:16', '2026-03-23 05:23:16'),
(164, 1, '2026-03-17', '09:00:00', '18:00:00', 'present', 9.00, 0.00, '', 1, '2026-03-23 05:23:16', '2026-03-23 05:23:16'),
(165, 1, '2026-03-18', '09:00:00', '18:00:00', 'present', 9.00, 0.00, '', 1, '2026-03-23 05:23:16', '2026-03-23 05:23:16'),
(166, 1, '2026-03-19', '09:00:00', '18:00:00', 'present', 9.00, 0.00, '', 1, '2026-03-23 05:23:16', '2026-03-23 05:23:16'),
(167, 1, '2026-03-20', '09:00:00', '18:00:00', 'present', 9.00, 0.00, '', 1, '2026-03-23 05:23:16', '2026-03-23 05:23:16'),
(168, 1, '2026-03-21', '09:00:00', '18:00:00', 'present', 9.00, 0.00, '', 1, '2026-03-23 05:23:16', '2026-03-23 05:23:16'),
(169, 1, '2026-03-22', NULL, NULL, 'leave', 0.00, 0.00, 'Sunday Off', 1, '2026-03-23 05:23:16', '2026-03-23 05:23:16'),
(170, 1, '2026-03-23', '09:00:00', '18:00:00', 'present', 9.00, 0.00, '', 1, '2026-03-23 05:23:16', '2026-03-23 05:23:16'),
(171, 2, '2026-03-08', NULL, NULL, 'leave', 0.00, 0.00, 'Sunday Off', 1, '2026-03-23 05:23:16', '2026-03-23 05:23:16'),
(172, 2, '2026-03-09', '09:00:00', '18:00:00', 'present', 9.00, 0.00, '', 1, '2026-03-23 05:23:16', '2026-03-23 05:23:16'),
(173, 2, '2026-03-10', '09:00:00', '18:00:00', 'present', 9.00, 0.00, '', 1, '2026-03-23 05:23:16', '2026-03-23 05:23:16'),
(174, 2, '2026-03-11', '09:00:00', '18:00:00', 'present', 9.00, 0.00, '', 1, '2026-03-23 05:23:16', '2026-03-23 05:23:16'),
(175, 2, '2026-03-12', '09:00:00', '18:00:00', 'present', 9.00, 0.00, '', 1, '2026-03-23 05:23:16', '2026-03-23 05:23:16'),
(176, 2, '2026-03-13', '09:00:00', '18:00:00', 'present', 9.00, 0.00, '', 1, '2026-03-23 05:23:16', '2026-03-23 05:23:16'),
(177, 2, '2026-03-14', '09:00:00', '18:00:00', 'present', 9.00, 0.00, '', 1, '2026-03-23 05:23:16', '2026-03-23 05:23:16'),
(178, 2, '2026-03-15', NULL, NULL, 'leave', 0.00, 0.00, 'Sunday Off', 1, '2026-03-23 05:23:16', '2026-03-23 05:23:16'),
(179, 2, '2026-03-16', '09:00:00', '18:00:00', 'present', 9.00, 0.00, '', 1, '2026-03-23 05:23:16', '2026-03-23 05:23:16'),
(180, 2, '2026-03-17', '09:00:00', '18:00:00', 'present', 9.00, 0.00, '', 1, '2026-03-23 05:23:16', '2026-03-23 05:23:16'),
(181, 2, '2026-03-18', '09:00:00', '18:00:00', 'present', 9.00, 0.00, '', 1, '2026-03-23 05:23:16', '2026-03-23 05:23:16'),
(182, 2, '2026-03-19', '09:00:00', '18:00:00', 'present', 9.00, 0.00, '', 1, '2026-03-23 05:23:16', '2026-03-23 05:23:16'),
(183, 2, '2026-03-20', '09:00:00', '18:00:00', 'present', 9.00, 0.00, '', 1, '2026-03-23 05:23:16', '2026-03-23 05:23:16'),
(184, 2, '2026-03-21', '09:00:00', '18:00:00', 'present', 9.00, 0.00, '', 1, '2026-03-23 05:23:16', '2026-03-23 05:23:16'),
(185, 2, '2026-03-22', NULL, NULL, 'leave', 0.00, 0.00, 'Sunday Off', 1, '2026-03-23 05:23:16', '2026-03-23 05:23:16'),
(186, 2, '2026-03-23', '09:00:00', '18:00:00', 'present', 9.00, 0.00, '', 1, '2026-03-23 05:23:16', '2026-03-23 05:23:16'),
(187, 3, '2026-03-08', NULL, NULL, 'leave', 0.00, 0.00, 'Sunday Off', 1, '2026-03-23 05:23:16', '2026-03-23 05:23:16'),
(188, 3, '2026-03-09', NULL, NULL, 'leave', 0.00, 0.00, 'Weekly off', 1, '2026-03-23 05:23:16', '2026-03-23 05:23:16'),
(189, 3, '2026-03-10', '09:00:00', '18:00:00', 'present', 9.00, 0.00, '', 1, '2026-03-23 05:23:16', '2026-03-23 05:23:16'),
(190, 3, '2026-03-11', '09:00:00', '18:00:00', 'present', 9.00, 0.00, '', 1, '2026-03-23 05:23:16', '2026-03-23 05:23:16'),
(191, 3, '2026-03-12', '09:00:00', '18:00:00', 'present', 9.00, 0.00, '', 1, '2026-03-23 05:23:16', '2026-03-23 05:23:16'),
(192, 3, '2026-03-13', '09:00:00', '18:00:00', 'present', 9.00, 0.00, '', 1, '2026-03-23 05:23:16', '2026-03-23 05:23:16'),
(193, 3, '2026-03-14', '09:00:00', '18:00:00', 'present', 9.00, 0.00, '', 1, '2026-03-23 05:23:16', '2026-03-23 05:23:16'),
(194, 3, '2026-03-15', NULL, NULL, 'leave', 0.00, 0.00, 'Sunday Off', 1, '2026-03-23 05:23:16', '2026-03-23 05:23:16'),
(195, 3, '2026-03-16', NULL, NULL, 'leave', 0.00, 0.00, 'Weekly off', 1, '2026-03-23 05:23:16', '2026-03-23 05:23:16'),
(196, 3, '2026-03-17', '09:00:00', '18:00:00', 'present', 9.00, 0.00, '', 1, '2026-03-23 05:23:16', '2026-03-23 05:23:16'),
(197, 3, '2026-03-18', '09:00:00', '18:00:00', 'present', 9.00, 0.00, '', 1, '2026-03-23 05:23:16', '2026-03-23 05:23:16'),
(198, 3, '2026-03-19', '09:00:00', '18:00:00', 'present', 9.00, 0.00, '', 1, '2026-03-23 05:23:16', '2026-03-23 05:23:16'),
(199, 3, '2026-03-20', '09:00:00', '18:00:00', 'present', 9.00, 0.00, '', 1, '2026-03-23 05:23:16', '2026-03-23 05:23:16'),
(200, 3, '2026-03-21', '09:00:00', '18:00:00', 'present', 9.00, 0.00, '', 1, '2026-03-23 05:23:16', '2026-03-23 05:23:16'),
(201, 3, '2026-03-22', NULL, NULL, 'leave', 0.00, 0.00, 'Sunday Off', 1, '2026-03-23 05:23:16', '2026-03-23 05:23:16'),
(202, 3, '2026-03-23', NULL, NULL, 'leave', 0.00, 0.00, 'Weekly off', 1, '2026-03-23 05:23:16', '2026-03-23 05:23:16'),
(203, 4, '2026-03-08', NULL, NULL, 'leave', 0.00, 0.00, 'Sunday Off', 1, '2026-03-23 05:23:16', '2026-03-23 05:23:16'),
(204, 4, '2026-03-09', '09:00:00', '18:00:00', 'present', 9.00, 0.00, '', 1, '2026-03-23 05:23:16', '2026-03-23 05:23:16'),
(205, 4, '2026-03-10', '09:00:00', '22:00:00', 'present', 13.00, 4.00, 'Extra shift coverage', 1, '2026-03-23 05:23:16', '2026-03-23 05:23:16'),
(206, 4, '2026-03-11', '09:00:00', '18:00:00', 'present', 9.00, 0.00, '', 1, '2026-03-23 05:23:16', '2026-03-23 05:23:16'),
(207, 4, '2026-03-12', '09:00:00', '21:00:00', 'present', 12.00, 3.00, 'Extra shift coverage', 1, '2026-03-23 05:23:16', '2026-03-23 05:23:16'),
(208, 4, '2026-03-13', '09:00:00', '18:00:00', 'present', 9.00, 0.00, '', 1, '2026-03-23 05:23:16', '2026-03-23 05:23:16'),
(209, 4, '2026-03-14', '09:00:00', '21:00:00', 'present', 12.00, 3.00, 'Extra shift coverage', 1, '2026-03-23 05:23:16', '2026-03-23 05:23:16'),
(210, 4, '2026-03-15', '09:00:00', '18:00:00', 'present', 9.00, 8.00, 'Sunday emergency duty', 1, '2026-03-23 05:23:16', '2026-03-23 05:23:16'),
(211, 4, '2026-03-16', '09:00:00', '18:00:00', 'present', 9.00, 0.00, '', 1, '2026-03-23 05:23:16', '2026-03-23 05:23:16'),
(212, 4, '2026-03-17', '09:00:00', '20:00:00', 'present', 11.00, 2.00, 'Extra shift coverage', 1, '2026-03-23 05:23:16', '2026-03-23 05:23:16'),
(213, 4, '2026-03-18', '09:00:00', '18:00:00', 'present', 9.00, 0.00, '', 1, '2026-03-23 05:23:16', '2026-03-23 05:23:16'),
(214, 4, '2026-03-19', '09:00:00', '22:00:00', 'present', 13.00, 4.00, 'Extra shift coverage', 1, '2026-03-23 05:23:16', '2026-03-23 05:23:16'),
(215, 4, '2026-03-20', '09:00:00', '18:00:00', 'present', 9.00, 0.00, '', 1, '2026-03-23 05:23:16', '2026-03-23 05:23:16'),
(216, 4, '2026-03-21', '09:00:00', '21:00:00', 'present', 12.00, 3.00, 'Extra shift coverage', 1, '2026-03-23 05:23:16', '2026-03-23 05:23:16'),
(217, 4, '2026-03-22', NULL, NULL, 'leave', 0.00, 0.00, 'Sunday Off', 1, '2026-03-23 05:23:16', '2026-03-23 05:23:16'),
(218, 4, '2026-03-23', '09:00:00', '18:00:00', 'present', 9.00, 0.00, '', 1, '2026-03-23 05:23:16', '2026-03-23 05:23:16'),
(219, 5, '2026-03-08', NULL, NULL, 'leave', 0.00, 0.00, 'Sunday Off', 1, '2026-03-23 05:23:16', '2026-03-23 05:23:16'),
(220, 5, '2026-03-09', '09:00:00', '18:00:00', 'present', 9.00, 0.00, '', 1, '2026-03-23 05:23:16', '2026-03-23 05:23:16'),
(221, 5, '2026-03-10', '09:00:00', '18:00:00', 'present', 9.00, 0.00, '', 1, '2026-03-23 05:23:16', '2026-03-23 05:23:16'),
(222, 5, '2026-03-11', '09:00:00', '14:00:00', 'half_day', 5.00, 0.00, 'Personal work - Half day', 1, '2026-03-23 05:23:16', '2026-03-23 05:23:16'),
(223, 5, '2026-03-12', '09:00:00', '18:00:00', 'present', 9.00, 0.00, '', 1, '2026-03-23 05:23:16', '2026-03-23 05:23:16'),
(224, 5, '2026-03-13', '09:00:00', '18:00:00', 'present', 9.00, 0.00, '', 1, '2026-03-23 05:23:16', '2026-03-23 05:23:16'),
(225, 5, '2026-03-14', '09:00:00', '18:00:00', 'present', 9.00, 0.00, '', 1, '2026-03-23 05:23:16', '2026-03-23 05:23:16'),
(226, 5, '2026-03-15', NULL, NULL, 'leave', 0.00, 0.00, 'Sunday Off', 1, '2026-03-23 05:23:16', '2026-03-23 05:23:16'),
(227, 5, '2026-03-16', '09:00:00', '18:00:00', 'present', 9.00, 0.00, '', 1, '2026-03-23 05:23:16', '2026-03-23 05:23:16'),
(228, 5, '2026-03-17', '09:00:00', '18:00:00', 'present', 9.00, 0.00, '', 1, '2026-03-23 05:23:16', '2026-03-23 05:23:16'),
(229, 5, '2026-03-18', '09:00:00', '14:00:00', 'half_day', 5.00, 0.00, 'Personal work - Half day', 1, '2026-03-23 05:23:16', '2026-03-23 05:23:16'),
(230, 5, '2026-03-19', '09:00:00', '18:00:00', 'present', 9.00, 0.00, '', 1, '2026-03-23 05:23:16', '2026-03-23 05:23:16'),
(231, 5, '2026-03-20', '09:00:00', '18:00:00', 'present', 9.00, 0.00, '', 1, '2026-03-23 05:23:16', '2026-03-23 05:23:16'),
(232, 5, '2026-03-21', '09:00:00', '18:00:00', 'present', 9.00, 0.00, '', 1, '2026-03-23 05:23:16', '2026-03-23 05:23:16'),
(233, 5, '2026-03-22', '09:00:00', '18:00:00', 'present', 9.00, 8.00, 'Sunday emergency duty', 1, '2026-03-23 05:23:16', '2026-03-23 05:23:16'),
(234, 5, '2026-03-23', '09:00:00', '18:00:00', 'present', 9.00, 0.00, '', 1, '2026-03-23 05:23:16', '2026-03-23 05:23:16'),
(235, 6, '2026-03-08', NULL, NULL, 'leave', 0.00, 0.00, 'Sunday Off', 1, '2026-03-23 05:23:16', '2026-03-23 05:23:16'),
(236, 6, '2026-03-09', NULL, NULL, 'leave', 0.00, 0.00, 'Weekly off', 1, '2026-03-23 05:23:16', '2026-03-23 05:23:16'),
(237, 6, '2026-03-10', '09:00:00', '18:00:00', 'present', 9.00, 0.00, '', 1, '2026-03-23 05:23:16', '2026-03-23 05:23:16'),
(238, 6, '2026-03-11', '09:00:00', '18:00:00', 'present', 9.00, 0.00, '', 1, '2026-03-23 05:23:16', '2026-03-23 05:23:16'),
(239, 6, '2026-03-12', '09:00:00', '18:00:00', 'present', 9.00, 0.00, '', 1, '2026-03-23 05:23:16', '2026-03-23 05:23:16'),
(240, 6, '2026-03-13', '09:00:00', '18:00:00', 'present', 9.00, 0.00, '', 1, '2026-03-23 05:23:16', '2026-03-23 05:23:16'),
(241, 6, '2026-03-14', '09:00:00', '18:00:00', 'present', 9.00, 0.00, '', 1, '2026-03-23 05:23:16', '2026-03-23 05:23:16'),
(242, 6, '2026-03-15', NULL, NULL, 'leave', 0.00, 0.00, 'Sunday Off', 1, '2026-03-23 05:23:16', '2026-03-23 05:23:16'),
(243, 6, '2026-03-16', NULL, NULL, 'leave', 0.00, 0.00, 'Weekly off', 1, '2026-03-23 05:23:16', '2026-03-23 05:23:16'),
(244, 6, '2026-03-17', '09:00:00', '18:00:00', 'present', 9.00, 0.00, '', 1, '2026-03-23 05:23:16', '2026-03-23 05:23:16'),
(245, 6, '2026-03-18', '09:00:00', '18:00:00', 'present', 9.00, 0.00, '', 1, '2026-03-23 05:23:16', '2026-03-23 05:23:16'),
(246, 6, '2026-03-19', '09:00:00', '18:00:00', 'present', 9.00, 0.00, '', 1, '2026-03-23 05:23:16', '2026-03-23 05:23:16'),
(247, 6, '2026-03-20', '09:00:00', '18:00:00', 'present', 9.00, 0.00, '', 1, '2026-03-23 05:23:16', '2026-03-23 05:23:16'),
(248, 6, '2026-03-21', '09:00:00', '18:00:00', 'present', 9.00, 0.00, '', 1, '2026-03-23 05:23:16', '2026-03-23 05:23:16'),
(249, 6, '2026-03-22', NULL, NULL, 'leave', 0.00, 0.00, 'Sunday Off', 1, '2026-03-23 05:23:16', '2026-03-23 05:23:16'),
(250, 6, '2026-03-23', NULL, NULL, 'leave', 0.00, 0.00, 'Weekly off', 1, '2026-03-23 05:23:16', '2026-03-23 05:23:16'),
(251, 7, '2026-03-08', NULL, NULL, 'leave', 0.00, 0.00, 'Sunday Off', 1, '2026-03-23 05:23:16', '2026-03-23 05:23:16'),
(252, 7, '2026-03-09', '09:59:00', '18:00:00', 'present', 9.00, 0.00, 'Late arrival - 59 mins', 1, '2026-03-23 05:23:16', '2026-03-23 05:23:16'),
(253, 7, '2026-03-10', '09:00:00', '18:00:00', 'present', 9.00, 0.00, '', 1, '2026-03-23 05:23:16', '2026-03-23 05:23:16'),
(254, 7, '2026-03-11', '09:00:00', '18:00:00', 'present', 9.00, 0.00, '', 1, '2026-03-23 05:23:16', '2026-03-23 05:23:16'),
(255, 7, '2026-03-12', '09:47:00', '18:00:00', 'present', 9.00, 0.00, 'Late arrival - 47 mins', 1, '2026-03-23 05:23:16', '2026-03-23 05:23:16'),
(256, 7, '2026-03-13', '09:31:00', '18:00:00', 'present', 9.00, 0.00, 'Late arrival - 31 mins', 1, '2026-03-23 05:23:16', '2026-03-23 05:23:16'),
(257, 7, '2026-03-14', '09:38:00', '18:00:00', 'present', 9.00, 0.00, 'Late arrival - 38 mins', 1, '2026-03-23 05:23:16', '2026-03-23 05:23:16'),
(258, 7, '2026-03-15', NULL, NULL, 'leave', 0.00, 0.00, 'Sunday Off', 1, '2026-03-23 05:23:16', '2026-03-23 05:23:16'),
(259, 7, '2026-03-16', '09:34:00', '18:00:00', 'present', 9.00, 0.00, 'Late arrival - 34 mins', 1, '2026-03-23 05:23:16', '2026-03-23 05:23:16'),
(260, 7, '2026-03-17', '09:00:00', '18:00:00', 'present', 9.00, 0.00, '', 1, '2026-03-23 05:23:16', '2026-03-23 05:23:16'),
(261, 7, '2026-03-18', '09:41:00', '18:00:00', 'present', 9.00, 0.00, 'Late arrival - 41 mins', 1, '2026-03-23 05:23:16', '2026-03-23 05:23:16'),
(262, 7, '2026-03-19', '09:56:00', '18:00:00', 'present', 9.00, 0.00, 'Late arrival - 56 mins', 1, '2026-03-23 05:23:16', '2026-03-23 05:23:16'),
(263, 7, '2026-03-20', '09:49:00', '18:00:00', 'present', 9.00, 0.00, 'Late arrival - 49 mins', 1, '2026-03-23 05:23:16', '2026-03-23 05:23:16'),
(264, 7, '2026-03-21', '09:39:00', '18:00:00', 'present', 9.00, 0.00, 'Late arrival - 39 mins', 1, '2026-03-23 05:23:16', '2026-03-23 05:23:16'),
(265, 7, '2026-03-22', '09:00:00', '18:00:00', 'present', 9.00, 8.00, 'Sunday emergency duty', 1, '2026-03-23 05:23:16', '2026-03-23 05:23:16'),
(266, 7, '2026-03-23', '09:50:00', '18:00:00', 'present', 9.00, 0.00, 'Late arrival - 50 mins', 1, '2026-03-23 05:23:16', '2026-03-23 05:23:16'),
(267, 8, '2026-03-08', NULL, NULL, 'leave', 0.00, 0.00, 'Sunday Off', 1, '2026-03-23 05:23:16', '2026-03-23 05:23:16'),
(268, 8, '2026-03-09', '09:00:00', '18:00:00', 'present', 9.00, 0.00, '', 1, '2026-03-23 05:23:16', '2026-03-23 05:23:16'),
(269, 8, '2026-03-10', '09:00:00', '21:00:00', 'present', 12.00, 3.00, 'Extra shift coverage', 1, '2026-03-23 05:23:16', '2026-03-23 05:23:16'),
(270, 8, '2026-03-11', '09:00:00', '18:00:00', 'present', 9.00, 0.00, '', 1, '2026-03-23 05:23:16', '2026-03-23 05:23:16'),
(271, 8, '2026-03-12', '09:00:00', '22:00:00', 'present', 13.00, 4.00, 'Extra shift coverage', 1, '2026-03-23 05:23:16', '2026-03-23 05:23:16'),
(272, 8, '2026-03-13', '09:00:00', '18:00:00', 'present', 9.00, 0.00, '', 1, '2026-03-23 05:23:16', '2026-03-23 05:23:16'),
(273, 8, '2026-03-14', '09:00:00', '21:00:00', 'present', 12.00, 3.00, 'Extra shift coverage', 1, '2026-03-23 05:23:16', '2026-03-23 05:23:16'),
(274, 8, '2026-03-15', NULL, NULL, 'leave', 0.00, 0.00, 'Sunday Off', 1, '2026-03-23 05:23:16', '2026-03-23 05:23:16'),
(275, 8, '2026-03-16', '09:00:00', '18:00:00', 'present', 9.00, 0.00, '', 1, '2026-03-23 05:23:16', '2026-03-23 05:23:16'),
(276, 8, '2026-03-17', '09:00:00', '22:00:00', 'present', 13.00, 4.00, 'Extra shift coverage', 1, '2026-03-23 05:23:16', '2026-03-23 05:23:16'),
(277, 8, '2026-03-18', '09:00:00', '18:00:00', 'present', 9.00, 0.00, '', 1, '2026-03-23 05:23:16', '2026-03-23 05:23:16'),
(278, 8, '2026-03-19', '09:00:00', '21:00:00', 'present', 12.00, 3.00, 'Extra shift coverage', 1, '2026-03-23 05:23:16', '2026-03-23 05:23:16'),
(279, 8, '2026-03-20', '09:00:00', '18:00:00', 'present', 9.00, 0.00, '', 1, '2026-03-23 05:23:16', '2026-03-23 05:23:16'),
(280, 8, '2026-03-21', '09:00:00', '22:00:00', 'present', 13.00, 4.00, 'Extra shift coverage', 1, '2026-03-23 05:23:16', '2026-03-23 05:23:16'),
(281, 8, '2026-03-22', NULL, NULL, 'leave', 0.00, 0.00, 'Sunday Off', 1, '2026-03-23 05:23:16', '2026-03-23 05:23:16'),
(282, 8, '2026-03-23', '09:00:00', '18:00:00', 'present', 9.00, 0.00, '', 1, '2026-03-23 05:23:16', '2026-03-23 05:23:16'),
(283, 9, '2026-03-08', NULL, NULL, 'leave', 0.00, 0.00, 'Sunday Off', 1, '2026-03-23 05:23:16', '2026-03-23 05:23:16'),
(284, 9, '2026-03-09', NULL, NULL, 'leave', 0.00, 0.00, 'Weekly off', 1, '2026-03-23 05:23:16', '2026-03-23 05:23:16'),
(285, 9, '2026-03-10', '09:00:00', '18:00:00', 'present', 9.00, 0.00, '', 1, '2026-03-23 05:23:16', '2026-03-23 05:23:16'),
(286, 9, '2026-03-11', '09:00:00', '18:00:00', 'present', 9.00, 0.00, '', 1, '2026-03-23 05:23:16', '2026-03-23 05:23:16'),
(287, 9, '2026-03-12', '09:00:00', '18:00:00', 'present', 9.00, 0.00, '', 1, '2026-03-23 05:23:16', '2026-03-23 05:23:16'),
(288, 9, '2026-03-13', '09:00:00', '18:00:00', 'present', 9.00, 0.00, '', 1, '2026-03-23 05:23:16', '2026-03-23 05:23:16'),
(289, 9, '2026-03-14', '09:00:00', '18:00:00', 'present', 9.00, 0.00, '', 1, '2026-03-23 05:23:16', '2026-03-23 05:23:16'),
(290, 9, '2026-03-15', '09:00:00', '18:00:00', 'present', 9.00, 8.00, 'Sunday emergency duty', 1, '2026-03-23 05:23:16', '2026-03-23 05:23:16'),
(291, 9, '2026-03-16', NULL, NULL, 'leave', 0.00, 0.00, 'Weekly off', 1, '2026-03-23 05:23:16', '2026-03-23 05:23:16'),
(292, 9, '2026-03-17', '09:00:00', '18:00:00', 'present', 9.00, 0.00, '', 1, '2026-03-23 05:23:16', '2026-03-23 05:23:16'),
(293, 9, '2026-03-18', '09:00:00', '18:00:00', 'present', 9.00, 0.00, '', 1, '2026-03-23 05:23:16', '2026-03-23 05:23:16'),
(294, 9, '2026-03-19', '09:00:00', '18:00:00', 'present', 9.00, 0.00, '', 1, '2026-03-23 05:23:16', '2026-03-23 05:23:16'),
(295, 9, '2026-03-20', '09:00:00', '18:00:00', 'present', 9.00, 0.00, '', 1, '2026-03-23 05:23:16', '2026-03-23 05:23:16'),
(296, 9, '2026-03-21', '09:00:00', '18:00:00', 'present', 9.00, 0.00, '', 1, '2026-03-23 05:23:16', '2026-03-23 05:23:16'),
(297, 9, '2026-03-22', NULL, NULL, 'leave', 0.00, 0.00, 'Sunday Off', 1, '2026-03-23 05:23:16', '2026-03-23 05:23:16'),
(298, 9, '2026-03-23', NULL, NULL, 'leave', 0.00, 0.00, 'Weekly off', 1, '2026-03-23 05:23:16', '2026-03-23 05:23:16'),
(299, 10, '2026-03-08', NULL, NULL, 'leave', 0.00, 0.00, 'Sunday Off', 1, '2026-03-23 05:23:16', '2026-03-23 05:23:16'),
(300, 10, '2026-03-09', '09:00:00', '18:00:00', 'present', 9.00, 0.00, '', 1, '2026-03-23 05:23:16', '2026-03-23 05:23:16'),
(301, 10, '2026-03-10', '09:00:00', '18:00:00', 'present', 9.00, 0.00, '', 1, '2026-03-23 05:23:16', '2026-03-23 05:23:16'),
(302, 10, '2026-03-11', '09:00:00', '14:00:00', 'half_day', 5.00, 0.00, 'Personal work - Half day', 1, '2026-03-23 05:23:16', '2026-03-23 05:23:16'),
(303, 10, '2026-03-12', '09:00:00', '18:00:00', 'present', 9.00, 0.00, '', 1, '2026-03-23 05:23:16', '2026-03-23 05:23:16'),
(304, 10, '2026-03-13', '09:00:00', '18:00:00', 'present', 9.00, 0.00, '', 1, '2026-03-23 05:23:16', '2026-03-23 05:23:16'),
(305, 10, '2026-03-14', '09:00:00', '18:00:00', 'present', 9.00, 0.00, '', 1, '2026-03-23 05:23:16', '2026-03-23 05:23:16'),
(306, 10, '2026-03-15', NULL, NULL, 'leave', 0.00, 0.00, 'Sunday Off', 1, '2026-03-23 05:23:16', '2026-03-23 05:23:16'),
(307, 10, '2026-03-16', '09:00:00', '18:00:00', 'present', 9.00, 0.00, '', 1, '2026-03-23 05:23:16', '2026-03-23 05:23:16'),
(308, 10, '2026-03-17', '09:00:00', '18:00:00', 'present', 9.00, 0.00, '', 1, '2026-03-23 05:23:16', '2026-03-23 05:23:16'),
(309, 10, '2026-03-18', '09:00:00', '14:00:00', 'half_day', 5.00, 0.00, 'Personal work - Half day', 1, '2026-03-23 05:23:16', '2026-03-23 05:23:16'),
(310, 10, '2026-03-19', '09:00:00', '18:00:00', 'present', 9.00, 0.00, '', 1, '2026-03-23 05:23:16', '2026-03-23 05:23:16'),
(311, 10, '2026-03-20', '09:00:00', '18:00:00', 'present', 9.00, 0.00, '', 1, '2026-03-23 05:23:16', '2026-03-23 05:23:16'),
(312, 10, '2026-03-21', '09:00:00', '18:00:00', 'present', 9.00, 0.00, '', 1, '2026-03-23 05:23:16', '2026-03-23 05:23:16'),
(313, 10, '2026-03-22', NULL, NULL, 'leave', 0.00, 0.00, 'Sunday Off', 1, '2026-03-23 05:23:16', '2026-03-23 05:23:16'),
(314, 10, '2026-03-23', '09:00:00', '18:00:00', 'present', 9.00, 0.00, '', 1, '2026-03-23 05:23:16', '2026-03-23 05:23:16'),
(315, 11, '2026-03-08', '09:00:00', '18:00:00', 'present', 9.00, 8.00, 'Sunday emergency duty', 1, '2026-03-23 05:23:16', '2026-03-23 05:23:16'),
(316, 11, '2026-03-09', '09:00:00', '18:00:00', 'present', 9.00, 0.00, '', 1, '2026-03-23 05:23:16', '2026-03-23 05:23:16'),
(317, 11, '2026-03-10', '09:00:00', '18:00:00', 'present', 9.00, 0.00, '', 1, '2026-03-23 05:23:16', '2026-03-23 05:23:16'),
(318, 11, '2026-03-11', '09:00:00', '18:00:00', 'present', 9.00, 0.00, '', 1, '2026-03-23 05:23:16', '2026-03-23 05:23:16'),
(319, 11, '2026-03-12', '09:00:00', '18:00:00', 'present', 9.00, 0.00, '', 1, '2026-03-23 05:23:16', '2026-03-23 05:23:16'),
(320, 11, '2026-03-13', '09:00:00', '18:00:00', 'present', 9.00, 0.00, '', 1, '2026-03-23 05:23:16', '2026-03-23 05:23:16'),
(321, 11, '2026-03-14', '09:00:00', '18:00:00', 'present', 9.00, 0.00, '', 1, '2026-03-23 05:23:16', '2026-03-23 05:23:16'),
(322, 11, '2026-03-15', '09:00:00', '18:00:00', 'present', 9.00, 8.00, 'Sunday emergency duty', 1, '2026-03-23 05:23:16', '2026-03-23 05:23:16'),
(323, 11, '2026-03-16', '09:00:00', '18:00:00', 'present', 9.00, 0.00, '', 1, '2026-03-23 05:23:16', '2026-03-23 05:23:16'),
(324, 11, '2026-03-17', '09:00:00', '18:00:00', 'present', 9.00, 0.00, '', 1, '2026-03-23 05:23:16', '2026-03-23 05:23:16'),
(325, 11, '2026-03-18', '09:00:00', '18:00:00', 'present', 9.00, 0.00, '', 1, '2026-03-23 05:23:16', '2026-03-23 05:23:16'),
(326, 11, '2026-03-19', '09:00:00', '18:00:00', 'present', 9.00, 0.00, '', 1, '2026-03-23 05:23:16', '2026-03-23 05:23:16'),
(327, 11, '2026-03-20', '09:00:00', '18:00:00', 'present', 9.00, 0.00, '', 1, '2026-03-23 05:23:16', '2026-03-23 05:23:16'),
(328, 11, '2026-03-21', '09:00:00', '18:00:00', 'present', 9.00, 0.00, '', 1, '2026-03-23 05:23:16', '2026-03-23 05:23:16'),
(329, 11, '2026-03-22', NULL, NULL, 'leave', 0.00, 0.00, 'Sunday Off', 1, '2026-03-23 05:23:16', '2026-03-23 05:23:16'),
(330, 11, '2026-03-23', '09:00:00', '18:00:00', 'present', 9.00, 0.00, '', 1, '2026-03-23 05:23:16', '2026-03-23 05:23:16'),
(331, 12, '2026-03-08', NULL, NULL, 'leave', 0.00, 0.00, 'Sunday Off', 1, '2026-03-23 05:23:16', '2026-03-23 05:23:16'),
(332, 12, '2026-03-09', NULL, NULL, 'leave', 0.00, 0.00, 'Weekly off', 1, '2026-03-23 05:23:16', '2026-03-23 05:23:16'),
(333, 12, '2026-03-10', '09:00:00', '20:00:00', 'present', 11.00, 2.00, 'Extra shift coverage', 1, '2026-03-23 05:23:16', '2026-03-23 05:23:16'),
(334, 12, '2026-03-11', '09:00:00', '18:00:00', 'present', 9.00, 0.00, '', 1, '2026-03-23 05:23:16', '2026-03-23 05:23:16'),
(335, 12, '2026-03-12', '09:00:00', '21:00:00', 'present', 12.00, 3.00, 'Extra shift coverage', 1, '2026-03-23 05:23:16', '2026-03-23 05:23:16'),
(336, 12, '2026-03-13', '09:00:00', '18:00:00', 'present', 9.00, 0.00, '', 1, '2026-03-23 05:23:16', '2026-03-23 05:23:16'),
(337, 12, '2026-03-14', '09:00:00', '22:00:00', 'present', 13.00, 4.00, 'Extra shift coverage', 1, '2026-03-23 05:23:16', '2026-03-23 05:23:16'),
(338, 12, '2026-03-15', NULL, NULL, 'leave', 0.00, 0.00, 'Sunday Off', 1, '2026-03-23 05:23:16', '2026-03-23 05:23:16'),
(339, 12, '2026-03-16', NULL, NULL, 'leave', 0.00, 0.00, 'Weekly off', 1, '2026-03-23 05:23:16', '2026-03-23 05:23:16'),
(340, 12, '2026-03-17', '09:00:00', '20:00:00', 'present', 11.00, 2.00, 'Extra shift coverage', 1, '2026-03-23 05:23:16', '2026-03-23 05:23:16'),
(341, 12, '2026-03-18', '09:00:00', '18:00:00', 'present', 9.00, 0.00, '', 1, '2026-03-23 05:23:16', '2026-03-23 05:23:16'),
(342, 12, '2026-03-19', '09:00:00', '20:00:00', 'present', 11.00, 2.00, 'Extra shift coverage', 1, '2026-03-23 05:23:16', '2026-03-23 05:23:16'),
(343, 12, '2026-03-20', '09:00:00', '18:00:00', 'present', 9.00, 0.00, '', 1, '2026-03-23 05:23:16', '2026-03-23 05:23:16'),
(344, 12, '2026-03-21', NULL, NULL, 'absent', 0.00, 3.00, 'Extra shift coverage', 1, '2026-03-23 05:23:16', '2026-03-23 05:23:16'),
(345, 12, '2026-03-22', NULL, NULL, 'leave', 0.00, 0.00, 'Sunday Off', 1, '2026-03-23 05:23:16', '2026-03-23 05:23:16'),
(346, 12, '2026-03-23', NULL, NULL, 'leave', 0.00, 0.00, 'Weekly off', 1, '2026-03-23 05:23:16', '2026-03-23 05:23:16'),
(347, 13, '2026-03-08', NULL, NULL, 'leave', 0.00, 0.00, 'Sunday Off', 1, '2026-03-23 05:23:16', '2026-03-23 05:23:16'),
(348, 13, '2026-03-09', '09:00:00', '18:00:00', 'present', 9.00, 0.00, '', 1, '2026-03-23 05:23:16', '2026-03-23 05:23:16'),
(349, 13, '2026-03-10', '09:00:00', '18:00:00', 'present', 9.00, 0.00, '', 1, '2026-03-23 05:23:16', '2026-03-23 05:23:16'),
(350, 13, '2026-03-11', '09:00:00', '18:00:00', 'present', 9.00, 0.00, '', 1, '2026-03-23 05:23:16', '2026-03-23 05:23:16'),
(351, 13, '2026-03-12', '09:00:00', '18:00:00', 'present', 9.00, 0.00, '', 1, '2026-03-23 05:23:16', '2026-03-23 05:23:16'),
(352, 13, '2026-03-13', '09:00:00', '18:00:00', 'present', 9.00, 0.00, '', 1, '2026-03-23 05:23:16', '2026-03-23 05:23:16'),
(353, 13, '2026-03-14', '09:00:00', '18:00:00', 'present', 9.00, 0.00, '', 1, '2026-03-23 05:23:16', '2026-03-23 05:23:16'),
(354, 13, '2026-03-15', NULL, NULL, 'leave', 0.00, 0.00, 'Sunday Off', 1, '2026-03-23 05:23:16', '2026-03-23 05:23:16'),
(355, 13, '2026-03-16', '09:00:00', '18:00:00', 'present', 9.00, 0.00, '', 1, '2026-03-23 05:23:16', '2026-03-23 05:23:16'),
(356, 13, '2026-03-17', '09:00:00', '18:00:00', 'present', 9.00, 0.00, '', 1, '2026-03-23 05:23:16', '2026-03-23 05:23:16'),
(357, 13, '2026-03-18', '09:00:00', '18:00:00', 'present', 9.00, 0.00, '', 1, '2026-03-23 05:23:16', '2026-03-23 05:23:16'),
(358, 13, '2026-03-19', '09:00:00', '18:00:00', 'present', 9.00, 0.00, '', 1, '2026-03-23 05:23:16', '2026-03-23 05:23:16'),
(359, 13, '2026-03-20', '09:00:00', '18:00:00', 'present', 9.00, 0.00, '', 1, '2026-03-23 05:23:16', '2026-03-23 05:23:16'),
(360, 13, '2026-03-21', '09:00:00', '18:00:00', 'present', 9.00, 0.00, '', 1, '2026-03-23 05:23:16', '2026-03-23 05:23:16'),
(361, 13, '2026-03-22', NULL, NULL, 'leave', 0.00, 0.00, 'Sunday Off', 1, '2026-03-23 05:23:16', '2026-03-23 05:23:16'),
(362, 13, '2026-03-23', '09:00:00', '18:00:00', 'present', 9.00, 0.00, '', 1, '2026-03-23 05:23:16', '2026-03-23 05:23:16'),
(363, 14, '2026-03-08', '09:00:00', '18:00:00', 'present', 9.00, 8.00, 'Sunday emergency duty', 1, '2026-03-23 05:23:16', '2026-03-23 05:23:16'),
(364, 14, '2026-03-09', '09:55:00', '18:00:00', 'present', 9.00, 0.00, 'Late arrival - 55 mins', 1, '2026-03-23 05:23:16', '2026-03-23 05:23:16'),
(365, 14, '2026-03-10', '09:00:00', '18:00:00', 'present', 9.00, 0.00, '', 1, '2026-03-23 05:23:16', '2026-03-23 05:23:16'),
(366, 14, '2026-03-11', '09:33:00', '18:00:00', 'present', 9.00, 0.00, 'Late arrival - 33 mins', 1, '2026-03-23 05:23:16', '2026-03-23 05:23:16'),
(367, 14, '2026-03-12', '09:32:00', '18:00:00', 'present', 9.00, 0.00, 'Late arrival - 32 mins', 1, '2026-03-23 05:23:16', '2026-03-23 05:23:16'),
(368, 14, '2026-03-13', '09:35:00', '18:00:00', 'present', 9.00, 0.00, 'Late arrival - 35 mins', 1, '2026-03-23 05:23:16', '2026-03-23 05:23:16'),
(369, 14, '2026-03-14', '09:42:00', '18:00:00', 'present', 9.00, 0.00, 'Late arrival - 42 mins', 1, '2026-03-23 05:23:16', '2026-03-23 05:23:16'),
(370, 14, '2026-03-15', '09:32:00', '18:00:00', 'present', 9.00, 8.00, 'Sunday emergency duty', 1, '2026-03-23 05:23:16', '2026-03-23 05:23:16'),
(371, 14, '2026-03-16', '09:33:00', '18:00:00', 'present', 9.00, 0.00, 'Late arrival - 33 mins', 1, '2026-03-23 05:23:16', '2026-03-23 05:23:16'),
(372, 14, '2026-03-17', '09:00:00', '18:00:00', 'present', 9.00, 0.00, '', 1, '2026-03-23 05:23:16', '2026-03-23 05:23:16'),
(373, 14, '2026-03-18', '09:57:00', '18:00:00', 'present', 9.00, 0.00, 'Late arrival - 57 mins', 1, '2026-03-23 05:23:16', '2026-03-23 05:23:16'),
(374, 14, '2026-03-19', '09:00:00', '18:00:00', 'present', 9.00, 0.00, '', 1, '2026-03-23 05:23:16', '2026-03-23 05:23:16'),
(375, 14, '2026-03-20', '09:00:00', '18:00:00', 'present', 9.00, 0.00, '', 1, '2026-03-23 05:23:16', '2026-03-23 05:23:16'),
(376, 14, '2026-03-21', '09:44:00', '18:00:00', 'present', 9.00, 0.00, 'Late arrival - 44 mins', 1, '2026-03-23 05:23:16', '2026-03-23 05:23:16'),
(377, 14, '2026-03-22', NULL, NULL, 'leave', 0.00, 0.00, 'Sunday Off', 1, '2026-03-23 05:23:16', '2026-03-23 05:23:16'),
(378, 14, '2026-03-23', '09:38:00', '18:00:00', 'present', 9.00, 0.00, 'Late arrival - 38 mins', 1, '2026-03-23 05:23:16', '2026-03-23 05:23:16'),
(379, 15, '2026-03-08', '09:00:00', '18:00:00', 'present', 9.00, 8.00, 'Sunday emergency duty', 1, '2026-03-23 05:23:16', '2026-03-23 05:23:16'),
(380, 15, '2026-03-09', NULL, NULL, 'leave', 0.00, 0.00, 'Weekly off', 1, '2026-03-23 05:23:16', '2026-03-23 05:23:16'),
(381, 15, '2026-03-10', '09:00:00', '18:00:00', 'present', 9.00, 0.00, '', 1, '2026-03-23 05:23:16', '2026-03-23 05:23:16'),
(382, 15, '2026-03-11', '09:00:00', '14:00:00', 'half_day', 5.00, 0.00, 'Personal work - Half day', 1, '2026-03-23 05:23:16', '2026-03-23 05:23:16'),
(383, 15, '2026-03-12', '09:00:00', '18:00:00', 'present', 9.00, 0.00, '', 1, '2026-03-23 05:23:16', '2026-03-23 05:23:16'),
(384, 15, '2026-03-13', NULL, NULL, 'absent', 0.00, 0.00, 'Uninformed absence', 1, '2026-03-23 05:23:16', '2026-03-23 05:23:16'),
(385, 15, '2026-03-14', '09:00:00', '18:00:00', 'present', 9.00, 0.00, '', 1, '2026-03-23 05:23:16', '2026-03-23 05:23:16'),
(386, 15, '2026-03-15', NULL, NULL, 'leave', 0.00, 0.00, 'Sunday Off', 1, '2026-03-23 05:23:16', '2026-03-23 05:23:16'),
(387, 15, '2026-03-16', NULL, NULL, 'leave', 0.00, 0.00, 'Weekly off', 1, '2026-03-23 05:23:16', '2026-03-23 05:23:16'),
(388, 15, '2026-03-17', '09:00:00', '18:00:00', 'present', 9.00, 0.00, '', 1, '2026-03-23 05:23:16', '2026-03-23 05:23:16'),
(389, 15, '2026-03-18', '09:00:00', '14:00:00', 'half_day', 5.00, 0.00, 'Personal work - Half day', 1, '2026-03-23 05:23:16', '2026-03-23 05:23:16'),
(390, 15, '2026-03-19', '09:00:00', '18:00:00', 'present', 9.00, 0.00, '', 1, '2026-03-23 05:23:16', '2026-03-23 05:23:16'),
(391, 15, '2026-03-20', '09:00:00', '18:00:00', 'present', 9.00, 0.00, '', 1, '2026-03-23 05:23:16', '2026-03-23 05:23:16'),
(392, 15, '2026-03-21', '09:00:00', '18:00:00', 'present', 9.00, 0.00, '', 1, '2026-03-23 05:23:16', '2026-03-23 05:23:16'),
(393, 15, '2026-03-22', NULL, NULL, 'leave', 0.00, 0.00, 'Sunday Off', 1, '2026-03-23 05:23:16', '2026-03-23 05:23:16'),
(394, 15, '2026-03-23', NULL, NULL, 'leave', 0.00, 0.00, 'Weekly off', 1, '2026-03-23 05:23:16', '2026-03-23 05:23:16'),
(395, 16, '2026-03-08', NULL, NULL, 'leave', 0.00, 0.00, 'Sunday Off', 1, '2026-03-23 05:23:16', '2026-03-23 05:23:16'),
(396, 16, '2026-03-09', '09:00:00', '18:00:00', 'present', 9.00, 0.00, '', 1, '2026-03-23 05:23:16', '2026-03-23 05:23:16'),
(397, 16, '2026-03-10', '09:00:00', '20:00:00', 'present', 11.00, 2.00, 'Extra shift coverage', 1, '2026-03-23 05:23:16', '2026-03-23 05:23:16'),
(398, 16, '2026-03-11', '09:00:00', '18:00:00', 'present', 9.00, 0.00, '', 1, '2026-03-23 05:23:16', '2026-03-23 05:23:16'),
(399, 16, '2026-03-12', '09:00:00', '21:00:00', 'present', 12.00, 3.00, 'Extra shift coverage', 1, '2026-03-23 05:23:16', '2026-03-23 05:23:16'),
(400, 16, '2026-03-13', '09:00:00', '18:00:00', 'present', 9.00, 0.00, '', 1, '2026-03-23 05:23:16', '2026-03-23 05:23:16'),
(401, 16, '2026-03-14', '09:00:00', '20:00:00', 'present', 11.00, 2.00, 'Extra shift coverage', 1, '2026-03-23 05:23:16', '2026-03-23 05:23:16'),
(402, 16, '2026-03-15', NULL, NULL, 'leave', 0.00, 0.00, 'Sunday Off', 1, '2026-03-23 05:23:16', '2026-03-23 05:23:16'),
(403, 16, '2026-03-16', '09:00:00', '18:00:00', 'present', 9.00, 0.00, '', 1, '2026-03-23 05:23:16', '2026-03-23 05:23:16'),
(404, 16, '2026-03-17', '09:00:00', '20:00:00', 'present', 11.00, 2.00, 'Extra shift coverage', 1, '2026-03-23 05:23:16', '2026-03-23 05:23:16'),
(405, 16, '2026-03-18', '09:00:00', '18:00:00', 'present', 9.00, 0.00, '', 1, '2026-03-23 05:23:16', '2026-03-23 05:23:16'),
(406, 16, '2026-03-19', '09:00:00', '20:00:00', 'present', 11.00, 2.00, 'Extra shift coverage', 1, '2026-03-23 05:23:16', '2026-03-23 05:23:16'),
(407, 16, '2026-03-20', '09:00:00', '18:00:00', 'present', 9.00, 0.00, '', 1, '2026-03-23 05:23:16', '2026-03-23 05:23:16'),
(408, 16, '2026-03-21', '09:00:00', '20:00:00', 'present', 11.00, 2.00, 'Extra shift coverage', 1, '2026-03-23 05:23:16', '2026-03-23 05:23:16'),
(409, 16, '2026-03-22', NULL, NULL, 'leave', 0.00, 0.00, 'Sunday Off', 1, '2026-03-23 05:23:16', '2026-03-23 05:23:16'),
(410, 16, '2026-03-23', '09:00:00', '18:00:00', 'present', 9.00, 0.00, '', 1, '2026-03-23 05:23:16', '2026-03-23 05:23:16'),
(411, 17, '2026-03-08', NULL, NULL, 'leave', 0.00, 0.00, 'Sunday Off', 1, '2026-03-23 05:23:16', '2026-03-23 05:23:16'),
(412, 17, '2026-03-09', '09:00:00', '18:00:00', 'present', 9.00, 0.00, '', 1, '2026-03-23 05:23:16', '2026-03-23 05:23:16'),
(413, 17, '2026-03-10', '09:00:00', '18:00:00', 'present', 9.00, 0.00, '', 1, '2026-03-23 05:23:16', '2026-03-23 05:23:16'),
(414, 17, '2026-03-11', '09:00:00', '18:00:00', 'present', 9.00, 0.00, '', 1, '2026-03-23 05:23:16', '2026-03-23 05:23:16'),
(415, 17, '2026-03-12', '09:00:00', '18:00:00', 'present', 9.00, 0.00, '', 1, '2026-03-23 05:23:16', '2026-03-23 05:23:16'),
(416, 17, '2026-03-13', '09:00:00', '18:00:00', 'present', 9.00, 0.00, '', 1, '2026-03-23 05:23:16', '2026-03-23 05:23:16'),
(417, 17, '2026-03-14', '09:00:00', '18:00:00', 'present', 9.00, 0.00, '', 1, '2026-03-23 05:23:16', '2026-03-23 05:23:16'),
(418, 17, '2026-03-15', NULL, NULL, 'leave', 0.00, 0.00, 'Sunday Off', 1, '2026-03-23 05:23:16', '2026-03-23 05:23:16'),
(419, 17, '2026-03-16', '09:00:00', '18:00:00', 'present', 9.00, 0.00, '', 1, '2026-03-23 05:23:16', '2026-03-23 05:23:16'),
(420, 17, '2026-03-17', '09:00:00', '18:00:00', 'present', 9.00, 0.00, '', 1, '2026-03-23 05:23:16', '2026-03-23 05:23:16'),
(421, 17, '2026-03-18', '09:00:00', '18:00:00', 'present', 9.00, 0.00, '', 1, '2026-03-23 05:23:16', '2026-03-23 05:23:16'),
(422, 17, '2026-03-19', '09:00:00', '18:00:00', 'present', 9.00, 0.00, '', 1, '2026-03-23 05:23:16', '2026-03-23 05:23:16'),
(423, 17, '2026-03-20', '09:00:00', '18:00:00', 'present', 9.00, 0.00, '', 1, '2026-03-23 05:23:16', '2026-03-23 05:23:16'),
(424, 17, '2026-03-21', '09:00:00', '18:00:00', 'present', 9.00, 0.00, '', 1, '2026-03-23 05:23:16', '2026-03-23 05:23:16'),
(425, 17, '2026-03-22', '09:00:00', '18:00:00', 'present', 9.00, 8.00, 'Sunday emergency duty', 1, '2026-03-23 05:23:16', '2026-03-23 05:23:16'),
(426, 17, '2026-03-23', '09:00:00', '18:00:00', 'present', 9.00, 0.00, '', 1, '2026-03-23 05:23:16', '2026-03-23 05:23:16'),
(427, 18, '2026-03-08', NULL, NULL, 'leave', 0.00, 0.00, 'Sunday Off', 1, '2026-03-23 05:23:16', '2026-03-23 05:23:16'),
(428, 18, '2026-03-09', NULL, NULL, 'leave', 0.00, 0.00, 'Weekly off', 1, '2026-03-23 05:23:16', '2026-03-23 05:23:16'),
(429, 18, '2026-03-10', '09:00:00', '18:00:00', 'present', 9.00, 0.00, '', 1, '2026-03-23 05:23:16', '2026-03-23 05:23:16'),
(430, 18, '2026-03-11', '09:00:00', '18:00:00', 'present', 9.00, 0.00, '', 1, '2026-03-23 05:23:16', '2026-03-23 05:23:16'),
(431, 18, '2026-03-12', '09:00:00', '18:00:00', 'present', 9.00, 0.00, '', 1, '2026-03-23 05:23:16', '2026-03-23 05:23:16'),
(432, 18, '2026-03-13', '09:00:00', '18:00:00', 'present', 9.00, 0.00, '', 1, '2026-03-23 05:23:16', '2026-03-23 05:23:16'),
(433, 18, '2026-03-14', '09:00:00', '18:00:00', 'present', 9.00, 0.00, '', 1, '2026-03-23 05:23:16', '2026-03-23 05:23:16'),
(434, 18, '2026-03-15', '09:00:00', '18:00:00', 'present', 9.00, 8.00, 'Sunday emergency duty', 1, '2026-03-23 05:23:16', '2026-03-23 05:23:16'),
(435, 18, '2026-03-16', NULL, NULL, 'leave', 0.00, 0.00, 'Weekly off', 1, '2026-03-23 05:23:16', '2026-03-23 05:23:16'),
(436, 18, '2026-03-17', '09:00:00', '18:00:00', 'present', 9.00, 0.00, '', 1, '2026-03-23 05:23:16', '2026-03-23 05:23:16'),
(437, 18, '2026-03-18', '09:00:00', '18:00:00', 'present', 9.00, 0.00, '', 1, '2026-03-23 05:23:16', '2026-03-23 05:23:16'),
(438, 18, '2026-03-19', '09:00:00', '18:00:00', 'present', 9.00, 0.00, '', 1, '2026-03-23 05:23:16', '2026-03-23 05:23:16'),
(439, 18, '2026-03-20', '09:00:00', '18:00:00', 'present', 9.00, 0.00, '', 1, '2026-03-23 05:23:16', '2026-03-23 05:23:16'),
(440, 18, '2026-03-21', '09:00:00', '18:00:00', 'present', 9.00, 0.00, '', 1, '2026-03-23 05:23:16', '2026-03-23 05:23:16'),
(441, 18, '2026-03-22', NULL, NULL, 'leave', 0.00, 0.00, 'Sunday Off', 1, '2026-03-23 05:23:16', '2026-03-23 05:23:16'),
(442, 18, '2026-03-23', NULL, NULL, 'leave', 0.00, 0.00, 'Weekly off', 1, '2026-03-23 05:23:16', '2026-03-23 05:23:16'),
(443, 19, '2026-03-08', NULL, NULL, 'leave', 0.00, 0.00, 'Sunday Off', 1, '2026-03-23 05:23:16', '2026-03-23 05:23:16'),
(444, 19, '2026-03-09', '09:00:00', '18:00:00', 'present', 9.00, 0.00, '', 1, '2026-03-23 05:23:16', '2026-03-23 05:23:16'),
(445, 19, '2026-03-10', '09:00:00', '18:00:00', 'present', 9.00, 0.00, '', 1, '2026-03-23 05:23:16', '2026-03-23 05:23:16'),
(446, 19, '2026-03-11', '09:00:00', '18:00:00', 'present', 9.00, 0.00, '', 1, '2026-03-23 05:23:16', '2026-03-23 05:23:16'),
(447, 19, '2026-03-12', '09:00:00', '18:00:00', 'present', 9.00, 0.00, '', 1, '2026-03-23 05:23:16', '2026-03-23 05:23:16'),
(448, 19, '2026-03-13', '09:00:00', '18:00:00', 'present', 9.00, 0.00, '', 1, '2026-03-23 05:23:16', '2026-03-23 05:23:16'),
(449, 19, '2026-03-14', '09:00:00', '18:00:00', 'present', 9.00, 0.00, '', 1, '2026-03-23 05:23:16', '2026-03-23 05:23:16'),
(450, 19, '2026-03-15', NULL, NULL, 'leave', 0.00, 0.00, 'Sunday Off', 1, '2026-03-23 05:23:16', '2026-03-23 05:23:16'),
(451, 19, '2026-03-16', '09:00:00', '18:00:00', 'present', 9.00, 0.00, '', 1, '2026-03-23 05:23:16', '2026-03-23 05:23:16'),
(452, 19, '2026-03-17', '09:00:00', '18:00:00', 'present', 9.00, 0.00, '', 1, '2026-03-23 05:23:16', '2026-03-23 05:23:16'),
(453, 19, '2026-03-18', '09:00:00', '18:00:00', 'present', 9.00, 0.00, '', 1, '2026-03-23 05:23:16', '2026-03-23 05:23:16'),
(454, 19, '2026-03-19', '09:00:00', '18:00:00', 'present', 9.00, 0.00, '', 1, '2026-03-23 05:23:16', '2026-03-23 05:23:16'),
(455, 19, '2026-03-20', '09:00:00', '18:00:00', 'present', 9.00, 0.00, '', 1, '2026-03-23 05:23:16', '2026-03-23 05:23:16'),
(456, 19, '2026-03-21', '09:00:00', '18:00:00', 'present', 9.00, 0.00, '', 1, '2026-03-23 05:23:16', '2026-03-23 05:23:16'),
(457, 19, '2026-03-22', NULL, NULL, 'leave', 0.00, 0.00, 'Sunday Off', 1, '2026-03-23 05:23:16', '2026-03-23 05:23:16'),
(458, 19, '2026-03-23', '09:00:00', '18:00:00', 'present', 9.00, 0.00, '', 1, '2026-03-23 05:23:16', '2026-03-23 05:23:16'),
(459, 20, '2026-03-08', '09:00:00', '18:00:00', 'present', 9.00, 8.00, 'Sunday emergency duty', 1, '2026-03-23 05:23:16', '2026-03-23 05:23:16'),
(460, 20, '2026-03-09', '09:00:00', '18:00:00', 'present', 9.00, 0.00, '', 1, '2026-03-23 05:23:16', '2026-03-23 05:23:16'),
(461, 20, '2026-03-10', '09:00:00', '21:00:00', 'present', 12.00, 3.00, 'Extra shift coverage', 1, '2026-03-23 05:23:16', '2026-03-23 05:23:16'),
(462, 20, '2026-03-11', '09:00:00', '14:00:00', 'half_day', 5.00, 0.00, 'Personal work - Half day', 1, '2026-03-23 05:23:16', '2026-03-23 05:23:16'),
(463, 20, '2026-03-12', '09:00:00', '21:00:00', 'present', 12.00, 3.00, 'Extra shift coverage', 1, '2026-03-23 05:23:16', '2026-03-23 05:23:16'),
(464, 20, '2026-03-13', '09:00:00', '18:00:00', 'present', 9.00, 0.00, '', 1, '2026-03-23 05:23:16', '2026-03-23 05:23:16'),
(465, 20, '2026-03-14', '09:00:00', '22:00:00', 'present', 13.00, 4.00, 'Extra shift coverage', 1, '2026-03-23 05:23:16', '2026-03-23 05:23:16'),
(466, 20, '2026-03-15', NULL, NULL, 'leave', 0.00, 0.00, 'Sunday Off', 1, '2026-03-23 05:23:16', '2026-03-23 05:23:16'),
(467, 20, '2026-03-16', '09:00:00', '18:00:00', 'present', 9.00, 0.00, '', 1, '2026-03-23 05:23:16', '2026-03-23 05:23:16'),
(468, 20, '2026-03-17', '09:00:00', '22:00:00', 'present', 13.00, 4.00, 'Extra shift coverage', 1, '2026-03-23 05:23:16', '2026-03-23 05:23:16'),
(469, 20, '2026-03-18', '09:00:00', '14:00:00', 'half_day', 5.00, 0.00, 'Personal work - Half day', 1, '2026-03-23 05:23:16', '2026-03-23 05:23:16'),
(470, 20, '2026-03-19', '09:00:00', '21:00:00', 'present', 12.00, 3.00, 'Extra shift coverage', 1, '2026-03-23 05:23:16', '2026-03-23 05:23:16'),
(471, 20, '2026-03-20', '09:00:00', '18:00:00', 'present', 9.00, 0.00, '', 1, '2026-03-23 05:23:16', '2026-03-23 05:23:16'),
(472, 20, '2026-03-21', '09:00:00', '21:00:00', 'present', 12.00, 3.00, 'Extra shift coverage', 1, '2026-03-23 05:23:16', '2026-03-23 05:23:16'),
(473, 20, '2026-03-22', NULL, NULL, 'leave', 0.00, 0.00, 'Sunday Off', 1, '2026-03-23 05:23:16', '2026-03-23 05:23:16'),
(474, 20, '2026-03-23', '09:00:00', '18:00:00', 'present', 9.00, 0.00, '', 1, '2026-03-23 05:23:16', '2026-03-23 05:23:16');

-- --------------------------------------------------------

--
-- Table structure for table `audit_logs`
--

CREATE TABLE `audit_logs` (
  `id` int(11) NOT NULL,
  `admin_id` int(11) DEFAULT NULL,
  `action` varchar(100) NOT NULL,
  `table_name` varchar(50) DEFAULT NULL,
  `record_id` int(11) DEFAULT NULL,
  `description` text DEFAULT NULL,
  `old_values` longtext CHARACTER SET utf8mb4 COLLATE utf8mb4_bin DEFAULT NULL CHECK (json_valid(`old_values`)),
  `new_values` longtext CHARACTER SET utf8mb4 COLLATE utf8mb4_bin DEFAULT NULL CHECK (json_valid(`new_values`)),
  `ip_address` varchar(45) DEFAULT NULL,
  `user_agent` text DEFAULT NULL,
  `created_at` timestamp NOT NULL DEFAULT current_timestamp()
) ENGINE=InnoDB DEFAULT CHARSET=utf8mb4 COLLATE=utf8mb4_unicode_ci;

-- --------------------------------------------------------

--
-- Table structure for table `clients`
--

CREATE TABLE `clients` (
  `client_id` int(11) NOT NULL,
  `company_name` varchar(150) NOT NULL,
  `contact_person` varchar(100) NOT NULL,
  `contact_number` varchar(15) NOT NULL,
  `alternate_number` varchar(15) DEFAULT NULL,
  `email` varchar(150) DEFAULT NULL,
  `address_line1` varchar(255) NOT NULL,
  `address_line2` varchar(255) DEFAULT NULL,
  `city` varchar(100) NOT NULL,
  `state` varchar(100) NOT NULL,
  `pincode` varchar(10) NOT NULL,
  `gst_number` varchar(20) DEFAULT NULL,
  `contract_start_date` date NOT NULL,
  `contract_end_date` date NOT NULL,
  `number_of_guards` int(11) DEFAULT 0,
  `service_type` varchar(100) NOT NULL,
  `billing_cycle` varchar(50) NOT NULL,
  `status` enum('Active','Inactive') DEFAULT 'Active',
  `created_at` timestamp NOT NULL DEFAULT current_timestamp(),
  `updated_at` timestamp NULL DEFAULT NULL ON UPDATE current_timestamp()
) ENGINE=InnoDB DEFAULT CHARSET=utf8mb4 COLLATE=utf8mb4_unicode_ci;

--
-- Dumping data for table `clients`
--

INSERT INTO `clients` (`client_id`, `company_name`, `contact_person`, `contact_number`, `alternate_number`, `email`, `address_line1`, `address_line2`, `city`, `state`, `pincode`, `gst_number`, `contract_start_date`, `contract_end_date`, `number_of_guards`, `service_type`, `billing_cycle`, `status`, `created_at`, `updated_at`) VALUES
(1, 'Galaxy Mall Pvt Ltd', 'Rohit Sharma', '9876543210', '9820012345', 'rohit@galaxymall.com', 'Galaxy Mall Road', 'Sector 5', 'Vasai', 'Maharashtra', '401202', '27AAACG1234A1Z5', '2025-01-01', '2026-12-31', 2, 'Mall Security', 'Monthly', 'Active', '2025-12-31 18:30:00', '2026-03-07 07:04:54'),
(2, 'Sunrise IT Park', 'Neha Mehta', '9890012345', '9819988776', 'neha@sunriseit.com', 'Sunrise Tech Park', 'MIDC Area', 'Andheri', 'Maharashtra', '400069', '27AABCS5678B1Z2', '2025-02-15', '2027-02-14', 2, 'Corporate Security', 'Monthly', 'Active', '2025-12-31 18:30:00', '2026-03-07 07:05:18'),
(3, 'Shree Hospital', 'Dr. Amit Patel', '9823456789', '9819012345', 'admin@shreehospital.com', 'Station Road', 'Near Metro Hospital', 'Thane', 'Maharashtra', '400601', '27AACCH4567K1Z3', '2025-03-01', '2027-02-28', 2, 'Hospital Security', 'Monthly', 'Active', '2025-12-31 18:30:00', '2026-03-07 07:06:07'),
(4, 'Green Valley Society', 'Anil Deshmukh', '9811122233', '9822233344', 'anil@gvsociety.com', 'Green Valley Road', 'Phase 2', 'Mira Road', 'Maharashtra', '401107', '27AACCG1111D1Z4', '2025-01-10', '2027-01-09', 2, 'Residential Security', 'Monthly', 'Active', '2025-12-31 18:30:00', '2026-03-07 07:06:33'),
(5, 'Metro Logistics Ltd', 'Vikram Singh', '9898989898', '9876512345', 'vikram@metrologistics.com', 'Transport Nagar', 'Warehouse Area', 'Bhiwandi', 'Maharashtra', '421302', '27AACCM2222G1Z1', '2025-04-01', '2027-03-31', 2, 'Warehouse Security', 'Monthly', 'Active', '2025-12-31 18:30:00', '2026-03-07 07:06:47'),
(6, 'Ocean View Hotel', 'Pooja Nair', '9812345678', '9822334455', 'pooja@oceanview.com', 'Beach Road', 'Juhu Lane', 'Mumbai', 'Maharashtra', '400049', '27AACCO3333H1Z8', '2025-02-20', '2027-02-19', 2, 'Hotel Security', 'Monthly', 'Active', '2025-12-31 18:30:00', '2026-03-07 07:09:36'),
(7, 'Sai Industrial Estate', 'Mahesh Yadav', '9876501234', '9811002233', 'mahesh@saiestate.com', 'Plot 21', 'Industrial Area', 'Vasai', 'Maharashtra', '401208', '27AACCS4444L1Z7', '2025-05-01', '2027-04-30', 2, 'Industrial Security', 'Monthly', 'Active', '2025-12-31 18:30:00', '2026-03-07 07:08:52'),
(8, 'Crystal Tower Offices', 'Rina Shah', '9819988112', '9890011223', 'rina@crystaltower.com', 'Crystal Tower', 'Linking Road', 'Bandra', 'Maharashtra', '400050', '27AACCC5555M1Z6', '2025-03-15', '2027-03-14', 2, 'Office Security', 'Monthly', 'Active', '2025-12-31 18:30:00', '2026-03-07 07:09:22'),
(9, 'Royal Residency', 'Kunal Verma', '9876549876', '9812349988', 'kunal@royalresidency.com', 'Royal Residency Lane', 'Sector 8', 'Virar', 'Maharashtra', '401303', '27AACCR6666P1Z2', '2025-02-10', '2027-02-09', 2, 'Residential Security', 'Monthly', 'Active', '2025-12-31 18:30:00', '2026-03-07 07:09:14'),
(10, 'Apex Shopping Plaza', 'Suresh Gupta', '9898765432', '9822011122', 'suresh@apexplaza.com', 'Plaza Road', 'Market Area', 'Borivali', 'Maharashtra', '400092', '27AACCA7777R1Z5', '2025-01-05', '2027-01-04', 2, 'Mall Security', 'Monthly', 'Active', '2025-12-31 18:30:00', '2026-03-07 07:09:04');

-- --------------------------------------------------------

--
-- Table structure for table `guards`
--

CREATE TABLE `guards` (
  `id` int(11) NOT NULL,
  `employee_id` varchar(20) NOT NULL,
  `full_name` varchar(100) NOT NULL,
  `phone` varchar(15) NOT NULL,
  `email` varchar(100) DEFAULT NULL,
  `address` text DEFAULT NULL,
  `city` varchar(50) DEFAULT NULL,
  `state` varchar(50) DEFAULT NULL,
  `pincode` varchar(10) DEFAULT NULL,
  `aadhaar_number` varchar(20) DEFAULT NULL,
  `date_of_birth` date DEFAULT NULL,
  `gender` enum('male','female','other') DEFAULT 'male',
  `photo` varchar(255) DEFAULT NULL,
  `joining_date` date NOT NULL,
  `salary_fixed` decimal(10,2) DEFAULT NULL,
  `salary_per_day` decimal(10,2) DEFAULT NULL,
  `username` varchar(50) DEFAULT NULL,
  `password` varchar(255) DEFAULT NULL,
  `assigned_site_id` int(11) DEFAULT NULL,
  `status` enum('active','inactive','on_leave') DEFAULT 'active',
  `last_login` datetime DEFAULT NULL,
  `created_at` timestamp NOT NULL DEFAULT current_timestamp(),
  `updated_at` timestamp NOT NULL DEFAULT current_timestamp() ON UPDATE current_timestamp()
) ENGINE=InnoDB DEFAULT CHARSET=utf8mb4 COLLATE=utf8mb4_unicode_ci;

--
-- Dumping data for table `guards`
--

INSERT INTO `guards` (`id`, `employee_id`, `full_name`, `phone`, `email`, `address`, `city`, `state`, `pincode`, `aadhaar_number`, `date_of_birth`, `gender`, `photo`, `joining_date`, `salary_fixed`, `salary_per_day`, `username`, `password`, `assigned_site_id`, `status`, `last_login`, `created_at`, `updated_at`) VALUES
(1, 'EMP001', 'Rahul Yadav', '9876501001', 'rahul1@gmail.com', 'Sai Nagar', 'Nalasopara', 'Maharashtra', '401203', '458712360001', '1995-05-12', 'male', '69b00aca3f915.jpg', '2024-01-10', 15000.00, 600.00, 'SG001', '$2y$10$lG3KPGvgDOItkI4qssCZ9Od752DBL/gFdYdJuqcQ8kTHYIl7tru1i', 1, 'active', '2026-03-18 10:40:31', '2025-12-31 18:30:00', '2026-03-18 05:10:31'),
(2, 'EMP002', 'Amit Sharma', '9876501002', 'amit2@gmail.com', 'Achole Road', 'Nalasopara', 'Maharashtra', '401203', '458712360002', '1994-09-04', 'male', '69b03ec365db8.jpg', '2024-01-12', 15500.00, 620.00, NULL, NULL, 1, 'active', NULL, '2025-12-31 18:30:00', '2026-03-10 15:54:43'),
(3, 'EMP003', 'Suresh Kumar', '9876501003', 'suresh3@gmail.com', 'Evershine City', 'Vasai', 'Maharashtra', '401201', '458712360003', '1992-03-18', 'male', '69b0421a0cb0f.jpg', '2024-01-14', 15000.00, 600.00, NULL, NULL, 2, 'active', NULL, '2025-12-31 18:30:00', '2026-03-10 16:08:58'),
(4, 'EMP004', 'Manoj Singh', '9876501004', 'manoj4@gmail.com', 'Global City', 'Virar', 'Maharashtra', '401303', '458712360004', '1993-07-21', 'male', '69b04234672a3.jpg', '2024-01-15', 15200.00, 610.00, NULL, NULL, 2, 'active', NULL, '2025-12-31 18:30:00', '2026-03-10 16:09:24'),
(5, 'EMP005', 'Deepak Mishra', '9876501005', 'deepak5@gmail.com', 'Station Road', 'Vasai', 'Maharashtra', '401201', '458712360005', '1996-11-11', 'male', '69b0424666b2e.jpg', '2024-01-18', 15000.00, 600.00, NULL, NULL, 3, 'active', NULL, '2025-12-31 18:30:00', '2026-03-10 16:09:42'),
(6, 'EMP006', 'Ajay Verma', '9876501006', 'ajay6@gmail.com', 'Navghar Road', 'Bhayandar', 'Maharashtra', '401101', '458712360006', '1994-02-25', 'male', '69b0426901030.jpg', '2024-01-20', 15000.00, 600.00, NULL, NULL, 3, 'active', NULL, '2025-12-31 18:30:00', '2026-03-10 16:10:17'),
(7, 'EMP007', 'Sunil Patil', '9876501007', 'sunil7@gmail.com', 'Indralok', 'Bhayandar', 'Maharashtra', '401101', '458712360007', '1995-10-02', 'male', '69b042804e00d.jpg', '2024-01-21', 15800.00, 630.00, NULL, NULL, 4, 'active', NULL, '2025-12-31 18:30:00', '2026-03-10 16:10:40'),
(8, 'EMP008', 'Ravi Gupta', '9876501008', 'ravi8@gmail.com', 'Sheetal Nagar', 'Mira Road', 'Maharashtra', '401107', '458712360008', '1991-01-19', 'male', '69b042a5515ce.jpg', '2024-01-23', 16000.00, 640.00, NULL, NULL, 4, 'active', NULL, '2025-12-31 18:30:00', '2026-03-10 16:11:17'),
(9, 'EMP009', 'Santosh Tiwari', '9876501009', 'santosh9@gmail.com', 'Golden Park', 'Mira Road', 'Maharashtra', '401107', '458712360009', '1990-12-09', 'male', '69b042b6e9080.jpg', '2024-01-24', 15000.00, 600.00, NULL, NULL, 5, 'active', NULL, '2025-12-31 18:30:00', '2026-03-10 16:11:34'),
(10, 'EMP010', 'Pankaj Singh', '9876501010', 'pankaj10@gmail.com', 'Gokhivare', 'Vasai', 'Maharashtra', '401208', '458712360010', '1994-08-05', 'male', '69b042c7584c3.jpg', '2024-01-25', 15000.00, 600.00, NULL, NULL, 5, 'active', NULL, '2025-12-31 18:30:00', '2026-03-10 16:11:51'),
(11, 'EMP011', 'Arjun Yadav', '9876501011', 'arjun11@gmail.com', 'Bolinj', 'Virar', 'Maharashtra', '401303', '458712360011', '1965-04-16', 'male', '69b0431ba46e3.jpg', '2024-01-26', 15500.00, 620.00, NULL, NULL, 6, 'active', NULL, '2025-12-31 18:30:00', '2026-03-10 16:13:15'),
(12, 'EMP012', 'Karan Sharma', '9876501012', 'karan12@gmail.com', 'Global City', 'Virar', 'Maharashtra', '401303', '458712360012', '1992-06-28', 'male', '69b04a916691f.jpg', '2024-01-27', 15000.00, 600.00, NULL, NULL, 6, 'active', NULL, '2025-12-31 18:30:00', '2026-03-10 16:45:05'),
(13, 'EMP013', 'Ramesh Patil', '9876501013', 'ramesh13@gmail.com', 'Station Road', 'Vasai', 'Maharashtra', '401201', '458712360013', '1981-02-22', 'male', '69b04aafd3a32.jpg', '2024-01-28', 15200.00, 610.00, NULL, NULL, 7, 'active', NULL, '2025-12-31 18:30:00', '2026-03-10 16:45:35'),
(14, 'EMP014', 'Ganesh More', '9876501014', 'ganesh14@gmail.com', 'Achole Road', 'Nalasopara', 'Maharashtra', '401203', '458712360014', '1962-07-12', 'male', '69b04a7e31921.jpg', '2024-01-29', 15000.00, 600.00, NULL, NULL, 7, 'active', NULL, '2025-12-31 18:30:00', '2026-03-10 16:44:46'),
(15, 'EMP015', 'Mukesh Dubey', '9876501015', 'mukesh15@gmail.com', 'Sai Nagar', 'Nalasopara', 'Maharashtra', '401203', '458712360015', '1992-03-07', 'male', '69b04ac76f42b.jpg', '2024-01-30', 15000.00, 600.00, NULL, NULL, 8, 'active', NULL, '2025-12-31 18:30:00', '2026-03-10 16:45:59'),
(16, 'EMP016', 'Nitin Jadhav', '9876501016', 'nitin16@gmail.com', 'Navghar Road', 'Bhayandar', 'Maharashtra', '401101', '458712360016', '1995-09-15', 'male', '69b04ad600ae0.jpg', '2024-01-31', 15500.00, 620.00, NULL, NULL, 8, 'active', NULL, '2025-12-31 18:30:00', '2026-03-10 16:46:14'),
(17, 'EMP017', 'Anil Kumar', '9876501017', 'anil17@gmail.com', 'Indralok', 'Bhayandar', 'Maharashtra', '401101', '458712360017', '1994-04-19', 'male', '69b04af339393.jpg', '2024-02-01', 15000.00, 600.00, NULL, NULL, 9, 'active', NULL, '2025-12-31 18:30:00', '2026-03-10 16:46:43'),
(18, 'EMP018', 'Rohit Verma', '9876501018', 'rohit18@gmail.com', 'Sheetal Nagar', 'Mira Road', 'Maharashtra', '401107', '458712360018', '1993-01-03', 'male', '69b04b0994a62.jpg', '2024-02-02', 15000.00, 600.00, NULL, NULL, 9, 'active', NULL, '2025-12-31 18:30:00', '2026-03-10 16:47:05'),
(19, 'EMP019', 'Vikas Singh', '9876501019', 'vikas19@gmail.com', 'Golden Park', 'Mira Road', 'Maharashtra', '401107', '458712360019', '1978-05-11', 'male', '69b04b75ad1df.jpg', '2024-02-03', 15000.00, 600.00, NULL, NULL, 10, 'active', NULL, '2025-12-31 18:30:00', '2026-03-10 16:48:53'),
(20, 'EMP020', 'Sandeep Yadav', '9876501020', 'sandeep20@gmail.com', 'Bolinj', 'Virar', 'Maharashtra', '401303', '458712360020', '1991-06-24', 'male', '69b04b3fd30ac.jpg', '2024-02-04', 15500.00, 620.00, NULL, NULL, 10, 'active', NULL, '2025-12-31 18:30:00', '2026-03-10 16:47:59');

-- --------------------------------------------------------

--
-- Table structure for table `leaves`
--

CREATE TABLE `leaves` (
  `id` int(11) NOT NULL,
  `guard_id` int(11) NOT NULL,
  `leave_type` enum('casual','sick','earned','unpaid') NOT NULL,
  `start_date` date NOT NULL,
  `end_date` date NOT NULL,
  `no_of_days` int(11) NOT NULL,
  `reason` text DEFAULT NULL,
  `status` enum('pending','approved','rejected') DEFAULT 'pending',
  `approved_by` int(11) DEFAULT NULL,
  `remarks` text DEFAULT NULL,
  `created_at` timestamp NOT NULL DEFAULT current_timestamp()
) ENGINE=InnoDB DEFAULT CHARSET=utf8mb4 COLLATE=utf8mb4_unicode_ci;

--
-- Dumping data for table `leaves`
--

INSERT INTO `leaves` (`id`, `guard_id`, `leave_type`, `start_date`, `end_date`, `no_of_days`, `reason`, `status`, `approved_by`, `remarks`, `created_at`) VALUES
(1, 1, 'sick', '2026-01-10', '2026-01-14', 5, 'medical issues', 'rejected', 1, '', '2026-03-11 12:32:12'),
(2, 1, 'sick', '2026-03-12', '2026-03-17', 6, 'medical issues and health problem', 'approved', 1, 'okay you can take the leave', '2026-03-11 12:49:52'),
(3, 1, 'casual', '2026-03-22', '2026-03-24', 3, 'I  want to visit somewhere', 'pending', NULL, NULL, '2026-03-18 04:32:05'),
(4, 1, 'sick', '2026-02-10', '2026-02-12', 3, 'High fever and cold', 'approved', NULL, NULL, '2026-03-18 04:42:58'),
(5, 1, 'casual', '2026-04-05', '2026-04-06', 2, 'Family function', 'pending', NULL, NULL, '2026-03-18 04:42:58'),
(6, 1, 'sick', '2026-02-10', '2026-02-12', 3, 'High fever and cold', 'approved', NULL, NULL, '2026-03-18 04:42:58'),
(7, 1, 'casual', '2026-04-05', '2026-04-06', 2, 'Family function', 'pending', NULL, NULL, '2026-03-18 04:42:58');

-- --------------------------------------------------------

--
-- Table structure for table `salaries`
--

CREATE TABLE `salaries` (
  `id` int(11) NOT NULL,
  `guard_id` int(11) NOT NULL,
  `year_month` varchar(10) NOT NULL,
  `total_working_days` int(11) DEFAULT 26,
  `present_days` int(11) DEFAULT 0,
  `absent_days` int(11) DEFAULT 0,
  `leave_days` int(11) DEFAULT 0,
  `half_day_count` int(11) DEFAULT 0,
  `overtime_hours` decimal(10,2) DEFAULT 0.00,
  `basic_salary` decimal(10,2) DEFAULT NULL,
  `overtime_allowance` decimal(10,2) DEFAULT 0.00,
  `bonus` decimal(10,2) DEFAULT 0.00,
  `deductions` decimal(10,2) DEFAULT 0.00,
  `net_salary` decimal(10,2) DEFAULT NULL,
  `payment_status` enum('pending','paid','hold') DEFAULT 'pending',
  `payment_date` date DEFAULT NULL,
  `payment_method` enum('cash','bank_transfer','check') DEFAULT 'cash',
  `remarks` text DEFAULT NULL,
  `created_at` timestamp NOT NULL DEFAULT current_timestamp(),
  `updated_at` timestamp NOT NULL DEFAULT current_timestamp() ON UPDATE current_timestamp()
) ENGINE=InnoDB DEFAULT CHARSET=utf8mb4 COLLATE=utf8mb4_unicode_ci;

--
-- Dumping data for table `salaries`
--

INSERT INTO `salaries` (`id`, `guard_id`, `year_month`, `total_working_days`, `present_days`, `absent_days`, `leave_days`, `half_day_count`, `overtime_hours`, `basic_salary`, `overtime_allowance`, `bonus`, `deductions`, `net_salary`, `payment_status`, `payment_date`, `payment_method`, `remarks`, `created_at`, `updated_at`) VALUES
(6, 4, '2026-03', 26, 3, 3, 1, 0, 0.00, 1830.00, 0.00, 0.00, 915.00, 915.00, 'pending', NULL, 'cash', 'Auto-generated by system batch process', '2026-03-11 18:37:37', '2026-03-11 18:37:37'),
(7, 5, '2026-03', 26, 7, 0, 0, 0, 0.00, 4200.00, 0.00, 0.00, 0.00, 4200.00, 'pending', NULL, 'cash', 'Auto-generated by system batch process', '2026-03-11 18:37:37', '2026-03-11 18:37:37'),
(8, 6, '2026-03', 26, 6, 0, 1, 0, 0.00, 3600.00, 0.00, 0.00, 0.00, 3600.00, 'pending', NULL, 'cash', 'Auto-generated by system batch process', '2026-03-11 18:37:37', '2026-03-11 18:37:37'),
(9, 7, '2026-03', 26, 5, 2, 0, 0, 0.00, 3150.00, 0.00, 0.00, 630.00, 2520.00, 'pending', NULL, 'cash', 'Auto-generated by system batch process', '2026-03-11 18:37:37', '2026-03-11 18:37:37'),
(10, 8, '2026-03', 26, 7, 0, 0, 0, 0.00, 4480.00, 0.00, 0.00, 0.00, 4480.00, 'pending', NULL, 'cash', 'Auto-generated by system batch process', '2026-03-11 18:37:37', '2026-03-11 18:37:37'),
(11, 9, '2026-03', 26, 7, 0, 0, 0, 0.00, 4200.00, 0.00, 0.00, 0.00, 4200.00, 'pending', NULL, 'cash', 'Auto-generated by system batch process', '2026-03-11 18:37:37', '2026-03-11 18:37:37'),
(12, 10, '2026-03', 26, 5, 2, 0, 0, 0.00, 3000.00, 0.00, 0.00, 600.00, 2400.00, 'pending', NULL, 'cash', 'Auto-generated by system batch process', '2026-03-11 18:37:37', '2026-03-11 18:37:37'),
(13, 11, '2026-03', 26, 6, 1, 0, 0, 0.00, 3720.00, 0.00, 0.00, 310.00, 3410.00, 'pending', NULL, 'cash', 'Auto-generated by system batch process', '2026-03-11 18:37:37', '2026-03-11 18:37:37'),
(14, 12, '2026-03', 26, 6, 0, 1, 0, 0.00, 3600.00, 0.00, 0.00, 0.00, 3600.00, 'pending', NULL, 'cash', 'Auto-generated by system batch process', '2026-03-11 18:37:37', '2026-03-11 18:37:37'),
(15, 13, '2026-03', 26, 7, 0, 0, 0, 0.00, 4270.00, 0.00, 0.00, 0.00, 4270.00, 'pending', NULL, 'cash', 'Auto-generated by system batch process', '2026-03-11 18:37:37', '2026-03-11 18:37:37'),
(16, 14, '2026-03', 26, 6, 1, 0, 0, 0.00, 3600.00, 0.00, 0.00, 300.00, 3300.00, 'pending', NULL, 'cash', 'Auto-generated by system batch process', '2026-03-11 18:37:37', '2026-03-11 18:37:37'),
(17, 15, '2026-03', 26, 6, 1, 0, 0, 0.00, 3600.00, 0.00, 0.00, 300.00, 3300.00, 'pending', NULL, 'cash', 'Auto-generated by system batch process', '2026-03-11 18:37:37', '2026-03-11 18:37:37'),
(18, 16, '2026-03', 26, 7, 0, 0, 0, 0.00, 4340.00, 0.00, 0.00, 0.00, 4340.00, 'pending', NULL, 'cash', 'Auto-generated by system batch process', '2026-03-11 18:37:37', '2026-03-11 18:37:37'),
(19, 17, '2026-03', 26, 6, 1, 0, 0, 0.00, 3600.00, 0.00, 0.00, 300.00, 3300.00, 'pending', NULL, 'cash', 'Auto-generated by system batch process', '2026-03-11 18:37:37', '2026-03-11 18:37:37'),
(20, 18, '2026-03', 26, 3, 3, 1, 0, 0.00, 1800.00, 0.00, 0.00, 900.00, 900.00, 'pending', NULL, 'cash', 'Auto-generated by system batch process', '2026-03-11 18:37:37', '2026-03-11 18:37:37'),
(21, 19, '2026-03', 26, 5, 2, 0, 0, 0.00, 3000.00, 0.00, 0.00, 600.00, 2400.00, 'pending', NULL, 'cash', 'Auto-generated by system batch process', '2026-03-11 18:37:37', '2026-03-11 18:37:37'),
(22, 20, '2026-03', 26, 5, 0, 2, 0, 0.00, 3100.00, 0.00, 0.00, 0.00, 3100.00, 'pending', NULL, 'cash', 'Auto-generated by system batch process', '2026-03-11 18:37:37', '2026-03-11 18:37:37'),
(24, 2, '2026-03', 26, 4, 2, 1, 0, 0.00, 15500.00, 0.00, 0.00, 1192.31, 14307.69, 'pending', NULL, 'cash', 'Generated automatically', '2026-03-11 19:00:53', '2026-03-11 19:00:53'),
(25, 1, '2026-03', 26, 7, 0, 0, 0, 0.00, 15000.00, 0.00, 0.00, 0.00, 15000.00, 'pending', NULL, 'cash', 'Auto-generated by system batch process', '2026-03-11 19:12:21', '2026-03-11 19:12:21'),
(26, 3, '2026-03', 26, 6, 0, 1, 0, 0.00, 15000.00, 0.00, 0.00, 0.00, 15000.00, 'pending', NULL, 'cash', 'Auto-generated by system batch process', '2026-03-11 19:13:46', '2026-03-11 19:13:46'),
(27, 1, '2026-01', 26, 24, 2, 0, 0, 5.00, 15000.00, 1200.00, 500.00, 0.00, 16700.00, 'paid', NULL, 'cash', 'Monthly Salary', '2026-03-18 04:42:58', '2026-03-18 04:42:58'),
(28, 1, '2026-02', 26, 22, 1, 3, 0, 2.00, 15000.00, 450.00, 0.00, 500.00, 14950.00, 'paid', NULL, 'cash', 'Monthly Salary', '2026-03-18 04:42:58', '2026-03-18 04:42:58');

-- --------------------------------------------------------

--
-- Table structure for table `settings`
--

CREATE TABLE `settings` (
  `setting_key` varchar(50) NOT NULL,
  `setting_value` text DEFAULT NULL,
  `updated_at` timestamp NOT NULL DEFAULT current_timestamp() ON UPDATE current_timestamp()
) ENGINE=InnoDB DEFAULT CHARSET=utf8mb4 COLLATE=utf8mb4_unicode_ci;

--
-- Dumping data for table `settings`
--

INSERT INTO `settings` (`setting_key`, `setting_value`, `updated_at`) VALUES
('company_logo', 'uploads/system/69ba2e421f189.png', '2026-03-18 04:46:58'),
('company_name', 'Security Guard Management System', '2026-03-11 12:09:09');

-- --------------------------------------------------------

--
-- Table structure for table `shifts`
--

CREATE TABLE `shifts` (
  `id` int(11) NOT NULL,
  `guard_id` int(11) NOT NULL,
  `site_id` int(11) NOT NULL,
  `shift_date` date NOT NULL,
  `shift_type` enum('Morning','Evening','Night') NOT NULL,
  `start_time` time DEFAULT NULL,
  `end_time` time DEFAULT NULL,
  `status` enum('scheduled','completed','cancelled') DEFAULT 'scheduled',
  `created_at` timestamp NOT NULL DEFAULT current_timestamp()
) ENGINE=InnoDB DEFAULT CHARSET=utf8mb4 COLLATE=utf8mb4_unicode_ci;

--
-- Dumping data for table `shifts`
--

INSERT INTO `shifts` (`id`, `guard_id`, `site_id`, `shift_date`, `shift_type`, `start_time`, `end_time`, `status`, `created_at`) VALUES
(1, 1, 1, '2026-03-11', 'Morning', '06:00:00', '18:00:00', 'scheduled', '2026-03-11 18:54:15'),
(2, 1, 1, '2026-03-01', 'Night', '20:00:00', '08:00:00', 'scheduled', '2026-03-18 04:42:58'),
(3, 1, 1, '2026-03-02', '', '08:00:00', '20:00:00', 'scheduled', '2026-03-18 04:42:58'),
(4, 1, 1, '2026-03-03', 'Night', '20:00:00', '08:00:00', 'scheduled', '2026-03-18 04:42:58'),
(5, 1, 1, '2026-03-04', '', '08:00:00', '20:00:00', 'scheduled', '2026-03-18 04:42:58'),
(6, 1, 1, '2026-03-05', 'Night', '20:00:00', '08:00:00', 'scheduled', '2026-03-18 04:42:58'),
(7, 1, 1, '2026-03-06', '', '08:00:00', '20:00:00', 'scheduled', '2026-03-18 04:42:58'),
(8, 1, 1, '2026-03-07', 'Night', '20:00:00', '08:00:00', 'scheduled', '2026-03-18 04:42:58'),
(9, 1, 1, '2026-03-08', '', '08:00:00', '20:00:00', 'scheduled', '2026-03-18 04:42:58'),
(10, 1, 1, '2026-03-09', 'Night', '20:00:00', '08:00:00', 'scheduled', '2026-03-18 04:42:58'),
(11, 1, 1, '2026-03-10', '', '08:00:00', '20:00:00', 'scheduled', '2026-03-18 04:42:58'),
(12, 1, 1, '2026-03-12', '', '08:00:00', '20:00:00', 'scheduled', '2026-03-18 04:42:58'),
(13, 1, 1, '2026-03-13', 'Night', '20:00:00', '08:00:00', 'scheduled', '2026-03-18 04:42:58'),
(14, 1, 1, '2026-03-14', '', '08:00:00', '20:00:00', 'scheduled', '2026-03-18 04:42:58'),
(15, 1, 1, '2026-03-15', 'Night', '20:00:00', '08:00:00', 'scheduled', '2026-03-18 04:42:58'),
(16, 1, 1, '2026-03-16', '', '08:00:00', '20:00:00', 'scheduled', '2026-03-18 04:42:58'),
(17, 1, 1, '2026-03-17', 'Night', '20:00:00', '08:00:00', 'scheduled', '2026-03-18 04:42:58'),
(18, 1, 1, '2026-03-18', '', '08:00:00', '20:00:00', 'scheduled', '2026-03-18 04:42:58'),
(19, 1, 1, '2026-03-19', 'Night', '20:00:00', '08:00:00', 'scheduled', '2026-03-18 04:42:58'),
(20, 1, 1, '2026-03-20', '', '08:00:00', '20:00:00', 'scheduled', '2026-03-18 04:42:58'),
(21, 1, 1, '2026-03-21', 'Night', '20:00:00', '08:00:00', 'scheduled', '2026-03-18 04:42:58'),
(22, 1, 1, '2026-03-22', '', '08:00:00', '20:00:00', 'scheduled', '2026-03-18 04:42:58'),
(23, 1, 1, '2026-03-23', 'Night', '20:00:00', '08:00:00', 'scheduled', '2026-03-18 04:42:58'),
(24, 1, 1, '2026-03-24', '', '08:00:00', '20:00:00', 'scheduled', '2026-03-18 04:42:58'),
(25, 1, 1, '2026-03-25', 'Night', '20:00:00', '08:00:00', 'scheduled', '2026-03-18 04:42:58'),
(26, 1, 1, '2026-03-26', '', '08:00:00', '20:00:00', 'scheduled', '2026-03-18 04:42:58'),
(27, 1, 1, '2026-03-27', 'Night', '20:00:00', '08:00:00', 'scheduled', '2026-03-18 04:42:58'),
(28, 1, 1, '2026-03-28', '', '08:00:00', '20:00:00', 'scheduled', '2026-03-18 04:42:58'),
(29, 1, 1, '2026-03-29', 'Night', '20:00:00', '08:00:00', 'scheduled', '2026-03-18 04:42:58'),
(30, 1, 1, '2026-03-30', '', '08:00:00', '20:00:00', 'scheduled', '2026-03-18 04:42:58'),
(31, 1, 1, '2026-03-31', 'Night', '20:00:00', '08:00:00', 'scheduled', '2026-03-18 04:42:58');

-- --------------------------------------------------------

--
-- Table structure for table `sites`
--

CREATE TABLE `sites` (
  `site_id` int(11) NOT NULL,
  `client_id` int(11) NOT NULL,
  `site_name` varchar(150) NOT NULL,
  `site_code` varchar(50) DEFAULT NULL,
  `site_type` varchar(100) NOT NULL,
  `site_address_line1` varchar(255) NOT NULL,
  `site_address_line2` varchar(255) DEFAULT NULL,
  `city` varchar(100) NOT NULL,
  `state` varchar(100) NOT NULL,
  `pincode` varchar(10) NOT NULL,
  `site_supervisor` varchar(100) DEFAULT NULL,
  `supervisor_contact` varchar(15) DEFAULT NULL,
  `total_guards_required` int(11) DEFAULT 0,
  `shift_type` varchar(50) NOT NULL,
  `shift_hours` int(11) NOT NULL,
  `start_time` time DEFAULT NULL,
  `end_time` time DEFAULT NULL,
  `site_status` enum('Active','Inactive') DEFAULT 'Active',
  `created_at` timestamp NOT NULL DEFAULT current_timestamp(),
  `updated_at` timestamp NULL DEFAULT NULL ON UPDATE current_timestamp()
) ENGINE=InnoDB DEFAULT CHARSET=utf8mb4 COLLATE=utf8mb4_unicode_ci;

--
-- Dumping data for table `sites`
--

INSERT INTO `sites` (`site_id`, `client_id`, `site_name`, `site_code`, `site_type`, `site_address_line1`, `site_address_line2`, `city`, `state`, `pincode`, `site_supervisor`, `supervisor_contact`, `total_guards_required`, `shift_type`, `shift_hours`, `start_time`, `end_time`, `site_status`, `created_at`, `updated_at`) VALUES
(1, 1, 'Galaxy Mall Main Gate', 'GM001', 'Mall', 'Galaxy Mall Road', 'Sector 5', 'Vasai', 'Maharashtra', '401202', 'Mr. Vikram Singh', '9876543210', 1, 'Day/Night', 12, '08:00:00', '20:00:00', 'Active', '2025-12-31 18:30:00', '2026-03-18 04:43:10'),
(2, 1, 'Galaxy Mall Parking', 'GM002', 'Mall', 'Galaxy Mall Basement', 'Sector 5', 'Vasai', 'Maharashtra', '401202', 'Sandeep Yadav', '9819001112', 1, 'Day/Night', 12, '08:00:00', '20:00:00', 'Active', '2025-12-31 18:30:00', '2026-03-07 07:02:04'),
(3, 2, 'Sunrise IT Tower A', 'SI001', 'Corporate', 'MIDC Road', 'Tech Park', 'Andheri', 'Maharashtra', '400069', 'Amit Singh', '9819001113', 1, 'Day/Night', 12, '08:00:00', '20:00:00', 'Active', '2025-12-31 18:30:00', '2026-03-07 07:02:26'),
(4, 2, 'Sunrise IT Tower B', 'SI002', 'Corporate', 'MIDC Road', 'Tech Park', 'Andheri', 'Maharashtra', '400069', 'Manoj Patil', '9819001114', 1, 'Day/Night', 12, '08:00:00', '20:00:00', 'Active', '2025-12-31 18:30:00', '2026-03-07 07:02:47'),
(5, 3, 'Shree Hospital Main Gate', 'SH001', 'Hospital', 'Station Road', 'Near Metro Hospital', 'Thane', 'Maharashtra', '400601', 'Prakash Nair', '9819001115', 1, 'Day/Night', 12, '07:00:00', '19:00:00', 'Active', '2025-12-31 18:30:00', '2026-03-07 07:03:08'),
(6, 3, 'Shree Hospital Emergency Gate', 'SH002', 'Hospital', 'Station Road', 'Emergency Entry', 'Thane', 'Maharashtra', '400601', 'Ajay Gupta', '9819001116', 1, 'Day/Night', 12, '07:00:00', '19:00:00', 'Active', '2025-12-31 18:30:00', '2026-03-07 07:03:23'),
(7, 4, 'Green Valley Society Gate 1', 'GV001', 'Residential', 'Green Valley Road', 'Phase 2', 'Mira Road', 'Maharashtra', '401107', 'Dinesh Shah', '9819001117', 1, 'Day/Night', 12, '06:00:00', '18:00:00', 'Active', '2025-12-31 18:30:00', '2026-03-07 07:03:35'),
(8, 4, 'Green Valley Society Gate 2', 'GV002', 'Residential', 'Green Valley Road', 'Phase 2', 'Mira Road', 'Maharashtra', '401107', 'Sunil Pawar', '9819001118', 1, 'Day/Night', 12, '06:00:00', '18:00:00', 'Active', '2025-12-31 18:30:00', '2026-03-07 07:03:51'),
(9, 5, 'Metro Logistics Warehouse 1', 'ML001', 'Warehouse', 'Transport Nagar', 'Warehouse Area', 'Bhiwandi', 'Maharashtra', '421302', 'Ramesh Patel', '9819001119', 1, 'Day/Night', 12, '08:00:00', '20:00:00', 'Active', '2025-12-31 18:30:00', '2026-03-07 07:04:02'),
(10, 5, 'Metro Logistics Warehouse 2', 'ML002', 'Warehouse', 'Transport Nagar', 'Warehouse Area', 'Bhiwandi', 'Maharashtra', '421302', 'Mohan Yadav', '9819001120', 1, 'Day/Night', 12, '08:00:00', '20:00:00', 'Active', '2025-12-31 18:30:00', '2026-03-07 07:04:13'),
(11, 6, 'Ocean View Hotel Entrance', 'OH001', 'Hotel', 'Beach Road', 'Juhu Lane', 'Mumbai', 'Maharashtra', '400049', 'Vijay Nair', '9819001121', 5, 'Day/Night', 12, '08:00:00', '20:00:00', 'Active', '2025-12-31 18:30:00', '2025-12-31 18:30:00'),
(12, 6, 'Ocean View Hotel Parking', 'OH002', 'Hotel', 'Beach Road', 'Juhu Lane', 'Mumbai', 'Maharashtra', '400049', 'Kiran Shetty', '9819001122', 5, 'Day/Night', 12, '08:00:00', '20:00:00', 'Active', '2025-12-31 18:30:00', '2025-12-31 18:30:00'),
(13, 7, 'Sai Industrial Estate Gate A', 'SE001', 'Industrial', 'Plot 21', 'Industrial Area', 'Vasai', 'Maharashtra', '401208', 'Raju Mishra', '9819001123', 7, 'Day/Night', 12, '07:00:00', '19:00:00', 'Active', '2025-12-31 18:30:00', '2025-12-31 18:30:00'),
(14, 7, 'Sai Industrial Estate Gate B', 'SE002', 'Industrial', 'Plot 21', 'Industrial Area', 'Vasai', 'Maharashtra', '401208', 'Arvind Singh', '9819001124', 7, 'Day/Night', 12, '07:00:00', '19:00:00', 'Active', '2025-12-31 18:30:00', '2025-12-31 18:30:00'),
(15, 8, 'Crystal Tower Main Gate', 'CT001', 'Office', 'Linking Road', 'Crystal Tower', 'Bandra', 'Maharashtra', '400050', 'Nikhil Shah', '9819001125', 4, 'Day/Night', 12, '08:00:00', '20:00:00', 'Active', '2025-12-31 18:30:00', '2025-12-31 18:30:00'),
(16, 8, 'Crystal Tower Parking', 'CT002', 'Office', 'Linking Road', 'Basement Parking', 'Bandra', 'Maharashtra', '400050', 'Sameer Khan', '9819001126', 5, 'Day/Night', 12, '08:00:00', '20:00:00', 'Active', '2025-12-31 18:30:00', '2025-12-31 18:30:00'),
(17, 9, 'Royal Residency Gate 1', 'RR001', 'Residential', 'Sector 8', 'Royal Residency Lane', 'Virar', 'Maharashtra', '401303', 'Ashok Verma', '9819001127', 3, 'Day/Night', 12, '06:00:00', '18:00:00', 'Active', '2025-12-31 18:30:00', '2025-12-31 18:30:00'),
(18, 9, 'Royal Residency Gate 2', 'RR002', 'Residential', 'Sector 8', 'Royal Residency Lane', 'Virar', 'Maharashtra', '401303', 'Santosh Kumar', '9819001128', 4, 'Day/Night', 12, '06:00:00', '18:00:00', 'Active', '2025-12-31 18:30:00', '2025-12-31 18:30:00'),
(19, 10, 'Apex Plaza Entrance', 'AP001', 'Mall', 'Plaza Road', 'Market Area', 'Borivali', 'Maharashtra', '400092', 'Deepak Sharma', '9819001129', 5, 'Day/Night', 12, '08:00:00', '20:00:00', 'Active', '2025-12-31 18:30:00', '2025-12-31 18:30:00'),
(20, 10, 'Apex Plaza Parking', 'AP002', 'Mall', 'Plaza Road', 'Market Area', 'Borivali', 'Maharashtra', '400092', 'Rohit Tiwari', '9819001130', 6, 'Day/Night', 12, '08:00:00', '20:00:00', 'Active', '2025-12-31 18:30:00', '2025-12-31 18:30:00');

--
-- Indexes for dumped tables
--

--
-- Indexes for table `admins`
--
ALTER TABLE `admins`
  ADD PRIMARY KEY (`id`),
  ADD UNIQUE KEY `username` (`username`),
  ADD UNIQUE KEY `email` (`email`),
  ADD KEY `idx_email` (`email`),
  ADD KEY `idx_status` (`status`);

--
-- Indexes for table `attendance`
--
ALTER TABLE `attendance`
  ADD PRIMARY KEY (`id`),
  ADD UNIQUE KEY `unique_attendance` (`guard_id`,`date`),
  ADD KEY `recorded_by` (`recorded_by`),
  ADD KEY `idx_guard_id` (`guard_id`),
  ADD KEY `idx_date` (`date`),
  ADD KEY `idx_status` (`status`);

--
-- Indexes for table `audit_logs`
--
ALTER TABLE `audit_logs`
  ADD PRIMARY KEY (`id`),
  ADD KEY `idx_admin_id` (`admin_id`),
  ADD KEY `idx_action` (`action`),
  ADD KEY `idx_created_at` (`created_at`);

--
-- Indexes for table `clients`
--
ALTER TABLE `clients`
  ADD PRIMARY KEY (`client_id`),
  ADD KEY `idx_status` (`status`),
  ADD KEY `idx_company_name` (`company_name`);

--
-- Indexes for table `guards`
--
ALTER TABLE `guards`
  ADD PRIMARY KEY (`id`),
  ADD UNIQUE KEY `employee_id` (`employee_id`),
  ADD UNIQUE KEY `aadhaar_number` (`aadhaar_number`),
  ADD UNIQUE KEY `username` (`username`),
  ADD KEY `idx_employee_id` (`employee_id`),
  ADD KEY `idx_status` (`status`),
  ADD KEY `idx_assigned_site_id` (`assigned_site_id`),
  ADD KEY `idx_full_name` (`full_name`);

--
-- Indexes for table `leaves`
--
ALTER TABLE `leaves`
  ADD PRIMARY KEY (`id`),
  ADD KEY `guard_id` (`guard_id`),
  ADD KEY `status` (`status`);

--
-- Indexes for table `salaries`
--
ALTER TABLE `salaries`
  ADD PRIMARY KEY (`id`),
  ADD UNIQUE KEY `unique_salary` (`guard_id`,`year_month`),
  ADD KEY `idx_guard_id` (`guard_id`),
  ADD KEY `idx_year_month` (`year_month`),
  ADD KEY `idx_payment_status` (`payment_status`);

--
-- Indexes for table `settings`
--
ALTER TABLE `settings`
  ADD PRIMARY KEY (`setting_key`);

--
-- Indexes for table `shifts`
--
ALTER TABLE `shifts`
  ADD PRIMARY KEY (`id`),
  ADD UNIQUE KEY `unique_shift` (`guard_id`,`shift_date`),
  ADD KEY `site_id` (`site_id`);

--
-- Indexes for table `sites`
--
ALTER TABLE `sites`
  ADD PRIMARY KEY (`site_id`),
  ADD UNIQUE KEY `site_code` (`site_code`),
  ADD KEY `idx_client_id` (`client_id`),
  ADD KEY `idx_site_status` (`site_status`),
  ADD KEY `idx_site_name` (`site_name`),
  ADD KEY `idx_site_code` (`site_code`);

--
-- AUTO_INCREMENT for dumped tables
--

--
-- AUTO_INCREMENT for table `admins`
--
ALTER TABLE `admins`
  MODIFY `id` int(11) NOT NULL AUTO_INCREMENT, AUTO_INCREMENT=2;

--
-- AUTO_INCREMENT for table `attendance`
--
ALTER TABLE `attendance`
  MODIFY `id` int(11) NOT NULL AUTO_INCREMENT, AUTO_INCREMENT=475;

--
-- AUTO_INCREMENT for table `audit_logs`
--
ALTER TABLE `audit_logs`
  MODIFY `id` int(11) NOT NULL AUTO_INCREMENT;

--
-- AUTO_INCREMENT for table `clients`
--
ALTER TABLE `clients`
  MODIFY `client_id` int(11) NOT NULL AUTO_INCREMENT, AUTO_INCREMENT=11;

--
-- AUTO_INCREMENT for table `guards`
--
ALTER TABLE `guards`
  MODIFY `id` int(11) NOT NULL AUTO_INCREMENT, AUTO_INCREMENT=27;

--
-- AUTO_INCREMENT for table `leaves`
--
ALTER TABLE `leaves`
  MODIFY `id` int(11) NOT NULL AUTO_INCREMENT, AUTO_INCREMENT=8;

--
-- AUTO_INCREMENT for table `salaries`
--
ALTER TABLE `salaries`
  MODIFY `id` int(11) NOT NULL AUTO_INCREMENT, AUTO_INCREMENT=29;

--
-- AUTO_INCREMENT for table `shifts`
--
ALTER TABLE `shifts`
  MODIFY `id` int(11) NOT NULL AUTO_INCREMENT, AUTO_INCREMENT=32;

--
-- AUTO_INCREMENT for table `sites`
--
ALTER TABLE `sites`
  MODIFY `site_id` int(11) NOT NULL AUTO_INCREMENT, AUTO_INCREMENT=21;

--
-- Constraints for dumped tables
--

--
-- Constraints for table `attendance`
--
ALTER TABLE `attendance`
  ADD CONSTRAINT `attendance_ibfk_1` FOREIGN KEY (`guard_id`) REFERENCES `guards` (`id`) ON DELETE CASCADE,
  ADD CONSTRAINT `attendance_ibfk_2` FOREIGN KEY (`recorded_by`) REFERENCES `admins` (`id`) ON DELETE SET NULL;

--
-- Constraints for table `audit_logs`
--
ALTER TABLE `audit_logs`
  ADD CONSTRAINT `audit_logs_ibfk_1` FOREIGN KEY (`admin_id`) REFERENCES `admins` (`id`) ON DELETE SET NULL;

--
-- Constraints for table `guards`
--
ALTER TABLE `guards`
  ADD CONSTRAINT `guards_ibfk_1` FOREIGN KEY (`assigned_site_id`) REFERENCES `sites` (`site_id`) ON DELETE SET NULL;

--
-- Constraints for table `salaries`
--
ALTER TABLE `salaries`
  ADD CONSTRAINT `salaries_ibfk_1` FOREIGN KEY (`guard_id`) REFERENCES `guards` (`id`) ON DELETE CASCADE;

--
-- Constraints for table `shifts`
--
ALTER TABLE `shifts`
  ADD CONSTRAINT `shifts_ibfk_1` FOREIGN KEY (`guard_id`) REFERENCES `guards` (`id`) ON DELETE CASCADE,
  ADD CONSTRAINT `shifts_ibfk_2` FOREIGN KEY (`site_id`) REFERENCES `sites` (`site_id`) ON DELETE CASCADE;

--
-- Constraints for table `sites`
--
ALTER TABLE `sites`
  ADD CONSTRAINT `sites_ibfk_1` FOREIGN KEY (`client_id`) REFERENCES `clients` (`client_id`) ON DELETE CASCADE;
COMMIT;

/*!40101 SET CHARACTER_SET_CLIENT=@OLD_CHARACTER_SET_CLIENT */;
/*!40101 SET CHARACTER_SET_RESULTS=@OLD_CHARACTER_SET_RESULTS */;
/*!40101 SET COLLATION_CONNECTION=@OLD_COLLATION_CONNECTION */;
